,rawPath,fnum,masPath,outPath,is_tmr,is_cy,todo
0,../lnc/raw/GAS5/CRL2097/oddsTmrEvensA594/GAS5_CRL2097_oddsTmrEvensA594_450/,1,../lnc/seg/GAS5_CRL2097_oddsTmrEvensA594_450_cell.npy,../lnc/spot_detect_matlab/GAS5_CRL2097_oddsTmrEvensA594_450,TRUE,TRUE,0
1,../lnc/raw/GAS5/CRL2097/oddsTmrEvensA594/GAS5_CRL2097_oddsTmrEvensA594_449/,2,../lnc/seg/GAS5_CRL2097_oddsTmrEvensA594_449_cell.npy,../lnc/spot_detect_matlab/GAS5_CRL2097_oddsTmrEvensA594_449,TRUE,TRUE,0
2,../lnc/raw/GAS5/CRL2097/oddsTmrEvensA594/GAS5_CRL2097_oddsTmrEvensA594_451/,3,../lnc/seg/GAS5_CRL2097_oddsTmrEvensA594_451_cell.npy,../lnc/spot_detect_matlab/GAS5_CRL2097_oddsTmrEvensA594_451,TRUE,TRUE,0
3,../lnc/raw/GAS5/CRL2097/fullProbeA594/GAS5_CRL2097_fullProbeA594_452/,2,../lnc/seg/GAS5_CRL2097_fullProbeA594_452_cell.npy,../lnc/spot_detect_matlab/GAS5_CRL2097_fullProbeA594_452,FALSE,TRUE,0
4,../lnc/raw/GAS5/CRL2097/fullProbeA594/GAS5_CRL2097_fullProbeA594_453/,1,../lnc/seg/GAS5_CRL2097_fullProbeA594_453_cell.npy,../lnc/spot_detect_matlab/GAS5_CRL2097_fullProbeA594_453,FALSE,TRUE,0
5,../lnc/raw/GAS5/CRL2097/fullProbeA594/GAS5_CRL2097_fullProbeA594_454/,3,../lnc/seg/GAS5_CRL2097_fullProbeA594_454_cell.npy,../lnc/spot_detect_matlab/GAS5_CRL2097_fullProbeA594_454,FALSE,TRUE,0
6,../lnc/raw/GAS5/Hela/oddsTmrEvensA594/GAS5_Hela_oddsTmrEvensA594_456/,1,../lnc/seg/GAS5_Hela_oddsTmrEvensA594_456_cell.npy,../lnc/spot_detect_matlab/GAS5_Hela_oddsTmrEvensA594_456,TRUE,TRUE,1
7,../lnc/raw/GAS5/Hela/oddsTmrEvensA594/GAS5_Hela_oddsTmrEvensA594_455/,2,../lnc/seg/GAS5_Hela_oddsTmrEvensA594_455_cell.npy,../lnc/spot_detect_matlab/GAS5_Hela_oddsTmrEvensA594_455,TRUE,TRUE,1
8,../lnc/raw/GAS5/Hela/fullProbeA594/GAS5_Hela_fullProbeA594_458/,1,../lnc/seg/GAS5_Hela_fullProbeA594_458_cell.npy,../lnc/spot_detect_matlab/GAS5_Hela_fullProbeA594_458,TRUE,TRUE,1
9,../lnc/raw/GAS5/Hela/fullProbeA594/GAS5_Hela_fullProbeA594_457/,2,../lnc/seg/GAS5_Hela_fullProbeA594_457_cell.npy,../lnc/spot_detect_matlab/GAS5_Hela_fullProbeA594_457,TRUE,TRUE,1
10,../lnc/raw/GAS5/Imr90/oddsTmrEvensA594/GAS5_Imr90_oddsTmrEvensA594_445/,3,../lnc/seg/GAS5_Imr90_oddsTmrEvensA594_445_cell.npy,../lnc/spot_detect_matlab/GAS5_Imr90_oddsTmrEvensA594_445,TRUE,TRUE,0
11,../lnc/raw/GAS5/Imr90/oddsTmrEvensA594/GAS5_Imr90_oddsTmrEvensA594_443/,2,../lnc/seg/GAS5_Imr90_oddsTmrEvensA594_443_cell.npy,../lnc/spot_detect_matlab/GAS5_Imr90_oddsTmrEvensA594_443,TRUE,TRUE,0
12,../lnc/raw/GAS5/Imr90/oddsTmrEvensA594/GAS5_Imr90_oddsTmrEvensA594_444/,1,../lnc/seg/GAS5_Imr90_oddsTmrEvensA594_444_cell.npy,../lnc/spot_detect_matlab/GAS5_Imr90_oddsTmrEvensA594_444,TRUE,TRUE,0
13,../lnc/raw/GAS5/Imr90/fullProbeA594/GAS5_Imr90_fullProbeA594_448/,3,../lnc/seg/GAS5_Imr90_fullProbeA594_448_cell.npy,../lnc/spot_detect_matlab/GAS5_Imr90_fullProbeA594_448,FALSE,TRUE,0
14,../lnc/raw/GAS5/Imr90/fullProbeA594/GAS5_Imr90_fullProbeA594_447/,1,../lnc/seg/GAS5_Imr90_fullProbeA594_447_cell.npy,../lnc/spot_detect_matlab/GAS5_Imr90_fullProbeA594_447,FALSE,TRUE,0
15,../lnc/raw/GAS5/Imr90/fullProbeA594/GAS5_Imr90_fullProbeA594_446/,2,../lnc/seg/GAS5_Imr90_fullProbeA594_446_cell.npy,../lnc/spot_detect_matlab/GAS5_Imr90_fullProbeA594_446,FALSE,TRUE,0
16,../lnc/raw/NM_139078/CRL2097/oddsTmrEvensA594/NM_139078_CRL2097_oddsTmrEvensA594_235/,4,../lnc/seg/NM_139078_CRL2097_oddsTmrEvensA594_235_cell.npy,../lnc/spot_detect_matlab/NM_139078_CRL2097_oddsTmrEvensA594_235,TRUE,TRUE,0
17,../lnc/raw/NM_139078/CRL2097/oddsTmrEvensA594/NM_139078_CRL2097_oddsTmrEvensA594_237/,5,../lnc/seg/NM_139078_CRL2097_oddsTmrEvensA594_237_cell.npy,../lnc/spot_detect_matlab/NM_139078_CRL2097_oddsTmrEvensA594_237,TRUE,TRUE,0
18,../lnc/raw/NM_139078/CRL2097/oddsTmrEvensA594/NM_139078_CRL2097_oddsTmrEvensA594_236/,6,../lnc/seg/NM_139078_CRL2097_oddsTmrEvensA594_236_cell.npy,../lnc/spot_detect_matlab/NM_139078_CRL2097_oddsTmrEvensA594_236,TRUE,TRUE,0
19,../lnc/raw/NM_139078/CRL2097/fullProbeTmr_Xloc_010202A594/NM_139078_CRL2097_fullProbeTmr_Xloc_010202A594_239/,1,../lnc/seg/NM_139078_CRL2097_fullProbeTmr_Xloc_010202A594_239_cell.npy,../lnc/spot_detect_matlab/NM_139078_CRL2097_fullProbeTmr_Xloc_010202A594_239,TRUE,TRUE,0
20,../lnc/raw/NM_139078/CRL2097/fullProbeTmr_Xloc_010202A594/NM_139078_CRL2097_fullProbeTmr_Xloc_010202A594_240/,3,../lnc/seg/NM_139078_CRL2097_fullProbeTmr_Xloc_010202A594_240_cell.npy,../lnc/spot_detect_matlab/NM_139078_CRL2097_fullProbeTmr_Xloc_010202A594_240,TRUE,TRUE,0
21,../lnc/raw/NM_139078/CRL2097/fullProbeTmr_Xloc_010202A594/NM_139078_CRL2097_fullProbeTmr_Xloc_010202A594_238/,2,../lnc/seg/NM_139078_CRL2097_fullProbeTmr_Xloc_010202A594_238_cell.npy,../lnc/spot_detect_matlab/NM_139078_CRL2097_fullProbeTmr_Xloc_010202A594_238,TRUE,TRUE,0
22,../lnc/raw/NM_139078/Hela/oddsTmrEvensA594/NM_139078_Hela_oddsTmrEvensA594_242/,3,../lnc/seg/NM_139078_Hela_oddsTmrEvensA594_242_cell.npy,../lnc/spot_detect_matlab/NM_139078_Hela_oddsTmrEvensA594_242,TRUE,TRUE,1
23,../lnc/raw/NM_139078/Hela/oddsTmrEvensA594/NM_139078_Hela_oddsTmrEvensA594_241/,4,../lnc/seg/NM_139078_Hela_oddsTmrEvensA594_241_cell.npy,../lnc/spot_detect_matlab/NM_139078_Hela_oddsTmrEvensA594_241,TRUE,TRUE,1
24,../lnc/raw/NM_139078/Hela/fullProbeTmr_Xloc_010202A594/NM_139078_Hela_fullProbeTmr_Xloc_010202A594_243/,2,../lnc/seg/NM_139078_Hela_fullProbeTmr_Xloc_010202A594_243_cell.npy,../lnc/spot_detect_matlab/NM_139078_Hela_fullProbeTmr_Xloc_010202A594_243,TRUE,TRUE,1
25,../lnc/raw/NM_139078/Hela/fullProbeTmr_Xloc_010202A594/NM_139078_Hela_fullProbeTmr_Xloc_010202A594_244/,1,../lnc/seg/NM_139078_Hela_fullProbeTmr_Xloc_010202A594_244_cell.npy,../lnc/spot_detect_matlab/NM_139078_Hela_fullProbeTmr_Xloc_010202A594_244,TRUE,TRUE,1
26,../lnc/raw/NM_139078/Imr90/oddsTmrEvensA594/NM_139078_Imr90_oddsTmrEvensA594_229/,4,../lnc/seg/NM_139078_Imr90_oddsTmrEvensA594_229_cell.npy,../lnc/spot_detect_matlab/NM_139078_Imr90_oddsTmrEvensA594_229,TRUE,TRUE,0
27,../lnc/raw/NM_139078/Imr90/oddsTmrEvensA594/NM_139078_Imr90_oddsTmrEvensA594_231/,5,../lnc/seg/NM_139078_Imr90_oddsTmrEvensA594_231_cell.npy,../lnc/spot_detect_matlab/NM_139078_Imr90_oddsTmrEvensA594_231,TRUE,TRUE,0
28,../lnc/raw/NM_139078/Imr90/oddsTmrEvensA594/NM_139078_Imr90_oddsTmrEvensA594_230/,6,../lnc/seg/NM_139078_Imr90_oddsTmrEvensA594_230_cell.npy,../lnc/spot_detect_matlab/NM_139078_Imr90_oddsTmrEvensA594_230,TRUE,TRUE,0
29,../lnc/raw/NM_139078/Imr90/fullProbeTmr_Xloc_010202A594/NM_139078_Imr90_fullProbeTmr_Xloc_010202A594_233/,1,../lnc/seg/NM_139078_Imr90_fullProbeTmr_Xloc_010202A594_233_cell.npy,../lnc/spot_detect_matlab/NM_139078_Imr90_fullProbeTmr_Xloc_010202A594_233,TRUE,TRUE,0
30,../lnc/raw/NM_139078/Imr90/fullProbeTmr_Xloc_010202A594/NM_139078_Imr90_fullProbeTmr_Xloc_010202A594_234/,3,../lnc/seg/NM_139078_Imr90_fullProbeTmr_Xloc_010202A594_234_cell.npy,../lnc/spot_detect_matlab/NM_139078_Imr90_fullProbeTmr_Xloc_010202A594_234,TRUE,TRUE,0
31,../lnc/raw/NM_139078/Imr90/fullProbeTmr_Xloc_010202A594/NM_139078_Imr90_fullProbeTmr_Xloc_010202A594_232/,2,../lnc/seg/NM_139078_Imr90_fullProbeTmr_Xloc_010202A594_232_cell.npy,../lnc/spot_detect_matlab/NM_139078_Imr90_fullProbeTmr_Xloc_010202A594_232,TRUE,TRUE,0
32,../lnc/raw/lincMKLN1_A1new/CRL2097/2013_04_10f/lincMKLN1_A1new_CRL2097_2013_04_10f_328/,2,../lnc/seg/lincMKLN1_A1new_CRL2097_2013_04_10f_328_cell.npy,../lnc/spot_detect_matlab/lincMKLN1_A1new_CRL2097_2013_04_10f_328,FALSE,FALSE,0
33,../lnc/raw/lincMKLN1_A1new/CRL2097/2013_04_10f/lincMKLN1_A1new_CRL2097_2013_04_10f_330/,3,../lnc/seg/lincMKLN1_A1new_CRL2097_2013_04_10f_330_cell.npy,../lnc/spot_detect_matlab/lincMKLN1_A1new_CRL2097_2013_04_10f_330,FALSE,FALSE,0
34,../lnc/raw/lincMKLN1_A1new/CRL2097/2013_04_10f/lincMKLN1_A1new_CRL2097_2013_04_10f_329/,1,../lnc/seg/lincMKLN1_A1new_CRL2097_2013_04_10f_329_cell.npy,../lnc/spot_detect_matlab/lincMKLN1_A1new_CRL2097_2013_04_10f_329,FALSE,FALSE,0
35,../lnc/raw/lincMKLN1_A1new/CRL2097/2013_04_10o/lincMKLN1_A1new_CRL2097_2013_04_10o_327/,3,../lnc/seg/lincMKLN1_A1new_CRL2097_2013_04_10o_327_cell.npy,../lnc/spot_detect_matlab/lincMKLN1_A1new_CRL2097_2013_04_10o_327,TRUE,FALSE,0
36,../lnc/raw/lincMKLN1_A1new/CRL2097/2013_04_10o/lincMKLN1_A1new_CRL2097_2013_04_10o_326/,1,../lnc/seg/lincMKLN1_A1new_CRL2097_2013_04_10o_326_cell.npy,../lnc/spot_detect_matlab/lincMKLN1_A1new_CRL2097_2013_04_10o_326,TRUE,FALSE,0
37,../lnc/raw/lincMKLN1_A1new/CRL2097/2013_04_10o/lincMKLN1_A1new_CRL2097_2013_04_10o_325/,2,../lnc/seg/lincMKLN1_A1new_CRL2097_2013_04_10o_325_cell.npy,../lnc/spot_detect_matlab/lincMKLN1_A1new_CRL2097_2013_04_10o_325,TRUE,FALSE,0
38,../lnc/raw/lincMKLN1_A1new/Hela/2013_04_10f/lincMKLN1_A1new_Hela_2013_04_10f_333/,2,../lnc/seg/lincMKLN1_A1new_Hela_2013_04_10f_333_cell.npy,../lnc/spot_detect_matlab/lincMKLN1_A1new_Hela_2013_04_10f_333,FALSE,FALSE,0
39,../lnc/raw/lincMKLN1_A1new/Hela/2013_04_10f/lincMKLN1_A1new_Hela_2013_04_10f_334/,1,../lnc/seg/lincMKLN1_A1new_Hela_2013_04_10f_334_cell.npy,../lnc/spot_detect_matlab/lincMKLN1_A1new_Hela_2013_04_10f_334,FALSE,FALSE,0
40,../lnc/raw/lincMKLN1_A1new/Hela/2013_04_10o/lincMKLN1_A1new_Hela_2013_04_10o_331/,2,../lnc/seg/lincMKLN1_A1new_Hela_2013_04_10o_331_cell.npy,../lnc/spot_detect_matlab/lincMKLN1_A1new_Hela_2013_04_10o_331,TRUE,FALSE,0
41,../lnc/raw/lincMKLN1_A1new/Hela/2013_04_10o/lincMKLN1_A1new_Hela_2013_04_10o_332/,1,../lnc/seg/lincMKLN1_A1new_Hela_2013_04_10o_332_cell.npy,../lnc/spot_detect_matlab/lincMKLN1_A1new_Hela_2013_04_10o_332,TRUE,FALSE,0
42,../lnc/raw/NR_027063/CRL2097/oddsTmrEvensA594/NR_027063_CRL2097_oddsTmrEvensA594_392/,1,../lnc/seg/NR_027063_CRL2097_oddsTmrEvensA594_392_cell.npy,../lnc/spot_detect_matlab/NR_027063_CRL2097_oddsTmrEvensA594_392,TRUE,TRUE,0
43,../lnc/raw/NR_027063/CRL2097/oddsTmrEvensA594/NR_027063_CRL2097_oddsTmrEvensA594_393/,3,../lnc/seg/NR_027063_CRL2097_oddsTmrEvensA594_393_cell.npy,../lnc/spot_detect_matlab/NR_027063_CRL2097_oddsTmrEvensA594_393,TRUE,TRUE,0
44,../lnc/raw/NR_027063/CRL2097/oddsTmrEvensA594/NR_027063_CRL2097_oddsTmrEvensA594_391/,2,../lnc/seg/NR_027063_CRL2097_oddsTmrEvensA594_391_cell.npy,../lnc/spot_detect_matlab/NR_027063_CRL2097_oddsTmrEvensA594_391,TRUE,TRUE,0
45,../lnc/raw/NR_027063/CRL2097/fullProbeA594/NR_027063_CRL2097_fullProbeA594_395/,1,../lnc/seg/NR_027063_CRL2097_fullProbeA594_395_cell.npy,../lnc/spot_detect_matlab/NR_027063_CRL2097_fullProbeA594_395,FALSE,TRUE,0
46,../lnc/raw/NR_027063/CRL2097/fullProbeA594/NR_027063_CRL2097_fullProbeA594_394/,2,../lnc/seg/NR_027063_CRL2097_fullProbeA594_394_cell.npy,../lnc/spot_detect_matlab/NR_027063_CRL2097_fullProbeA594_394,FALSE,TRUE,0
47,../lnc/raw/NR_027063/Hela/oddsTmrEvensA594/NR_027063_Hela_oddsTmrEvensA594_398/,3,../lnc/seg/NR_027063_Hela_oddsTmrEvensA594_398_cell.npy,../lnc/spot_detect_matlab/NR_027063_Hela_oddsTmrEvensA594_398,TRUE,TRUE,0
48,../lnc/raw/NR_027063/Hela/oddsTmrEvensA594/NR_027063_Hela_oddsTmrEvensA594_397/,1,../lnc/seg/NR_027063_Hela_oddsTmrEvensA594_397_cell.npy,../lnc/spot_detect_matlab/NR_027063_Hela_oddsTmrEvensA594_397,TRUE,TRUE,0
49,../lnc/raw/NR_027063/Hela/oddsTmrEvensA594/NR_027063_Hela_oddsTmrEvensA594_396/,2,../lnc/seg/NR_027063_Hela_oddsTmrEvensA594_396_cell.npy,../lnc/spot_detect_matlab/NR_027063_Hela_oddsTmrEvensA594_396,TRUE,TRUE,0
50,../lnc/raw/NR_027063/Hela/fullProbeA594/NR_027063_Hela_fullProbeA594_399/,2,../lnc/seg/NR_027063_Hela_fullProbeA594_399_cell.npy,../lnc/spot_detect_matlab/NR_027063_Hela_fullProbeA594_399,FALSE,TRUE,0
51,../lnc/raw/NR_027063/Hela/fullProbeA594/NR_027063_Hela_fullProbeA594_401/,3,../lnc/seg/NR_027063_Hela_fullProbeA594_401_cell.npy,../lnc/spot_detect_matlab/NR_027063_Hela_fullProbeA594_401,FALSE,TRUE,0
52,../lnc/raw/NR_027063/Hela/fullProbeA594/NR_027063_Hela_fullProbeA594_400/,1,../lnc/seg/NR_027063_Hela_fullProbeA594_400_cell.npy,../lnc/spot_detect_matlab/NR_027063_Hela_fullProbeA594_400,FALSE,TRUE,0
53,../lnc/raw/NR_027063/Imr90/oddsTmrEvensA594/NR_027063_Imr90_oddsTmrEvensA594_387/,2,../lnc/seg/NR_027063_Imr90_oddsTmrEvensA594_387_cell.npy,../lnc/spot_detect_matlab/NR_027063_Imr90_oddsTmrEvensA594_387,TRUE,TRUE,0
54,../lnc/raw/NR_027063/Imr90/oddsTmrEvensA594/NR_027063_Imr90_oddsTmrEvensA594_388/,1,../lnc/seg/NR_027063_Imr90_oddsTmrEvensA594_388_cell.npy,../lnc/spot_detect_matlab/NR_027063_Imr90_oddsTmrEvensA594_388,TRUE,TRUE,0
55,../lnc/raw/NR_027063/Imr90/fullProbeA594/NR_027063_Imr90_fullProbeA594_390/,1,../lnc/seg/NR_027063_Imr90_fullProbeA594_390_cell.npy,../lnc/spot_detect_matlab/NR_027063_Imr90_fullProbeA594_390,FALSE,TRUE,0
56,../lnc/raw/NR_027063/Imr90/fullProbeA594/NR_027063_Imr90_fullProbeA594_389/,2,../lnc/seg/NR_027063_Imr90_fullProbeA594_389_cell.npy,../lnc/spot_detect_matlab/NR_027063_Imr90_fullProbeA594_389,FALSE,TRUE,0
57,../lnc/raw/lincSFPQ/CRL2097/2012-12-07o/lincSFPQ_CRL2097_2012-12-07o_61/,5,../lnc/seg/lincSFPQ_CRL2097_2012-12-07o_61_cell.npy,../lnc/spot_detect_matlab/lincSFPQ_CRL2097_2012-12-07o_61,TRUE,TRUE,0
58,../lnc/raw/lincSFPQ/CRL2097/2012-12-07o/lincSFPQ_CRL2097_2012-12-07o_60/,6,../lnc/seg/lincSFPQ_CRL2097_2012-12-07o_60_cell.npy,../lnc/spot_detect_matlab/lincSFPQ_CRL2097_2012-12-07o_60,TRUE,TRUE,0
59,../lnc/raw/lincSFPQ/CRL2097/2012-12-07o/lincSFPQ_CRL2097_2012-12-07o_59/,4,../lnc/seg/lincSFPQ_CRL2097_2012-12-07o_59_cell.npy,../lnc/spot_detect_matlab/lincSFPQ_CRL2097_2012-12-07o_59,TRUE,TRUE,0
60,../lnc/raw/lincSFPQ/CRL2097/2012-12-07f/lincSFPQ_CRL2097_2012-12-07f_63/,1,../lnc/seg/lincSFPQ_CRL2097_2012-12-07f_63_cell.npy,../lnc/spot_detect_matlab/lincSFPQ_CRL2097_2012-12-07f_63,TRUE,TRUE,0
61,../lnc/raw/lincSFPQ/CRL2097/2012-12-07f/lincSFPQ_CRL2097_2012-12-07f_62/,2,../lnc/seg/lincSFPQ_CRL2097_2012-12-07f_62_cell.npy,../lnc/spot_detect_matlab/lincSFPQ_CRL2097_2012-12-07f_62,TRUE,TRUE,0
62,../lnc/raw/lincSFPQ/CRL2097/2012-12-07f/lincSFPQ_CRL2097_2012-12-07f_64/,3,../lnc/seg/lincSFPQ_CRL2097_2012-12-07f_64_cell.npy,../lnc/spot_detect_matlab/lincSFPQ_CRL2097_2012-12-07f_64,TRUE,TRUE,0
63,../lnc/raw/lincSFPQ/CRL2097/2012-12-07oi/lincSFPQ_CRL2097_2012-12-07oi_67/,3,../lnc/seg/lincSFPQ_CRL2097_2012-12-07oi_67_cell.npy,../lnc/spot_detect_matlab/lincSFPQ_CRL2097_2012-12-07oi_67,TRUE,TRUE,0
64,../lnc/raw/lincSFPQ/CRL2097/2012-12-07oi/lincSFPQ_CRL2097_2012-12-07oi_65/,2,../lnc/seg/lincSFPQ_CRL2097_2012-12-07oi_65_cell.npy,../lnc/spot_detect_matlab/lincSFPQ_CRL2097_2012-12-07oi_65,TRUE,TRUE,0
65,../lnc/raw/lincSFPQ/CRL2097/2012-12-07oi/lincSFPQ_CRL2097_2012-12-07oi_66/,1,../lnc/seg/lincSFPQ_CRL2097_2012-12-07oi_66_cell.npy,../lnc/spot_detect_matlab/lincSFPQ_CRL2097_2012-12-07oi_66,TRUE,TRUE,0
66,../lnc/raw/lincSFPQ/Hela/2012-12-07o/lincSFPQ_Hela_2012-12-07o_69/,3,../lnc/seg/lincSFPQ_Hela_2012-12-07o_69_cell.npy,../lnc/spot_detect_matlab/lincSFPQ_Hela_2012-12-07o_69,TRUE,TRUE,0
67,../lnc/raw/lincSFPQ/Hela/2012-12-07o/lincSFPQ_Hela_2012-12-07o_68/,4,../lnc/seg/lincSFPQ_Hela_2012-12-07o_68_cell.npy,../lnc/spot_detect_matlab/lincSFPQ_Hela_2012-12-07o_68,TRUE,TRUE,0
68,../lnc/raw/lincSFPQ/Hela/2012-12-07f/lincSFPQ_Hela_2012-12-07f_71/,1,../lnc/seg/lincSFPQ_Hela_2012-12-07f_71_cell.npy,../lnc/spot_detect_matlab/lincSFPQ_Hela_2012-12-07f_71,TRUE,TRUE,0
69,../lnc/raw/lincSFPQ/Hela/2012-12-07f/lincSFPQ_Hela_2012-12-07f_70/,2,../lnc/seg/lincSFPQ_Hela_2012-12-07f_70_cell.npy,../lnc/spot_detect_matlab/lincSFPQ_Hela_2012-12-07f_70,TRUE,TRUE,0
70,../lnc/raw/lincSFPQ/Hela/2012-12-07oi/lincSFPQ_Hela_2012-12-07oi_73/,1,../lnc/seg/lincSFPQ_Hela_2012-12-07oi_73_cell.npy,../lnc/spot_detect_matlab/lincSFPQ_Hela_2012-12-07oi_73,TRUE,TRUE,0
71,../lnc/raw/lincSFPQ/Hela/2012-12-07oi/lincSFPQ_Hela_2012-12-07oi_72/,2,../lnc/seg/lincSFPQ_Hela_2012-12-07oi_72_cell.npy,../lnc/spot_detect_matlab/lincSFPQ_Hela_2012-12-07oi_72,TRUE,TRUE,0
72,../lnc/raw/lincSFPQ/Imr90/2012-12-07o/lincSFPQ_Imr90_2012-12-07o_52/,5,../lnc/seg/lincSFPQ_Imr90_2012-12-07o_52_cell.npy,../lnc/spot_detect_matlab/lincSFPQ_Imr90_2012-12-07o_52,TRUE,TRUE,0
73,../lnc/raw/lincSFPQ/Imr90/2012-12-07o/lincSFPQ_Imr90_2012-12-07o_51/,6,../lnc/seg/lincSFPQ_Imr90_2012-12-07o_51_cell.npy,../lnc/spot_detect_matlab/lincSFPQ_Imr90_2012-12-07o_51,TRUE,TRUE,0
74,../lnc/raw/lincSFPQ/Imr90/2012-12-07o/lincSFPQ_Imr90_2012-12-07o_50/,4,../lnc/seg/lincSFPQ_Imr90_2012-12-07o_50_cell.npy,../lnc/spot_detect_matlab/lincSFPQ_Imr90_2012-12-07o_50,TRUE,TRUE,0
75,../lnc/raw/lincSFPQ/Imr90/2012-12-07f/lincSFPQ_Imr90_2012-12-07f_54/,1,../lnc/seg/lincSFPQ_Imr90_2012-12-07f_54_cell.npy,../lnc/spot_detect_matlab/lincSFPQ_Imr90_2012-12-07f_54,TRUE,TRUE,0
76,../lnc/raw/lincSFPQ/Imr90/2012-12-07f/lincSFPQ_Imr90_2012-12-07f_53/,2,../lnc/seg/lincSFPQ_Imr90_2012-12-07f_53_cell.npy,../lnc/spot_detect_matlab/lincSFPQ_Imr90_2012-12-07f_53,TRUE,TRUE,0
77,../lnc/raw/lincSFPQ/Imr90/2012-12-07f/lincSFPQ_Imr90_2012-12-07f_55/,3,../lnc/seg/lincSFPQ_Imr90_2012-12-07f_55_cell.npy,../lnc/spot_detect_matlab/lincSFPQ_Imr90_2012-12-07f_55,TRUE,TRUE,0
78,../lnc/raw/lincSFPQ/Imr90/2012-12-07oi/lincSFPQ_Imr90_2012-12-07oi_56/,2,../lnc/seg/lincSFPQ_Imr90_2012-12-07oi_56_cell.npy,../lnc/spot_detect_matlab/lincSFPQ_Imr90_2012-12-07oi_56,TRUE,TRUE,0
79,../lnc/raw/lincSFPQ/Imr90/2012-12-07oi/lincSFPQ_Imr90_2012-12-07oi_58/,3,../lnc/seg/lincSFPQ_Imr90_2012-12-07oi_58_cell.npy,../lnc/spot_detect_matlab/lincSFPQ_Imr90_2012-12-07oi_58,TRUE,TRUE,0
80,../lnc/raw/lincSFPQ/Imr90/2012-12-07oi/lincSFPQ_Imr90_2012-12-07oi_57/,1,../lnc/seg/lincSFPQ_Imr90_2012-12-07oi_57_cell.npy,../lnc/spot_detect_matlab/lincSFPQ_Imr90_2012-12-07oi_57,TRUE,TRUE,0
81,../lnc/raw/NM_023000/CRL2097/oddsTmrEvensA5942012-11-12/NM_023000_CRL2097_oddsTmrEvensA5942012-11-12_167/,2,../lnc/seg/NM_023000_CRL2097_oddsTmrEvensA5942012-11-12_167_cell.npy,../lnc/spot_detect_matlab/NM_023000_CRL2097_oddsTmrEvensA5942012-11-12_167,TRUE,TRUE,0
82,../lnc/raw/NM_023000/CRL2097/oddsTmrEvensA5942012-11-12/NM_023000_CRL2097_oddsTmrEvensA5942012-11-12_168/,1,../lnc/seg/NM_023000_CRL2097_oddsTmrEvensA5942012-11-12_168_cell.npy,../lnc/spot_detect_matlab/NM_023000_CRL2097_oddsTmrEvensA5942012-11-12_168,TRUE,TRUE,0
83,../lnc/raw/NM_023000/CRL2097/oddsTmrEvensA5942012-11-12/NM_023000_CRL2097_oddsTmrEvensA5942012-11-12_169/,3,../lnc/seg/NM_023000_CRL2097_oddsTmrEvensA5942012-11-12_169_cell.npy,../lnc/spot_detect_matlab/NM_023000_CRL2097_oddsTmrEvensA5942012-11-12_169,TRUE,TRUE,0
84,../lnc/raw/NM_023000/CRL2097/oddsTmrEvensA5942013_01-05/NM_023000_CRL2097_oddsTmrEvensA5942013_01-05_166/,3,../lnc/seg/NM_023000_CRL2097_oddsTmrEvensA5942013_01-05_166_cell.npy,../lnc/spot_detect_matlab/NM_023000_CRL2097_oddsTmrEvensA5942013_01-05_166,TRUE,FALSE,0
85,../lnc/raw/NM_023000/CRL2097/oddsTmrEvensA5942013_01-05/NM_023000_CRL2097_oddsTmrEvensA5942013_01-05_165/,1,../lnc/seg/NM_023000_CRL2097_oddsTmrEvensA5942013_01-05_165_cell.npy,../lnc/spot_detect_matlab/NM_023000_CRL2097_oddsTmrEvensA5942013_01-05_165,TRUE,FALSE,0
86,../lnc/raw/NM_023000/CRL2097/oddsTmrEvensA5942013_01-05/NM_023000_CRL2097_oddsTmrEvensA5942013_01-05_164/,2,../lnc/seg/NM_023000_CRL2097_oddsTmrEvensA5942013_01-05_164_cell.npy,../lnc/spot_detect_matlab/NM_023000_CRL2097_oddsTmrEvensA5942013_01-05_164,TRUE,FALSE,0
87,../lnc/raw/NM_023000/CRL2097/fullProbeA594/NM_023000_CRL2097_fullProbeA594_172/,3,../lnc/seg/NM_023000_CRL2097_fullProbeA594_172_cell.npy,../lnc/spot_detect_matlab/NM_023000_CRL2097_fullProbeA594_172,TRUE,TRUE,0
88,../lnc/raw/NM_023000/CRL2097/fullProbeA594/NM_023000_CRL2097_fullProbeA594_170/,2,../lnc/seg/NM_023000_CRL2097_fullProbeA594_170_cell.npy,../lnc/spot_detect_matlab/NM_023000_CRL2097_fullProbeA594_170,TRUE,TRUE,0
89,../lnc/raw/NM_023000/CRL2097/fullProbeA594/NM_023000_CRL2097_fullProbeA594_171/,1,../lnc/seg/NM_023000_CRL2097_fullProbeA594_171_cell.npy,../lnc/spot_detect_matlab/NM_023000_CRL2097_fullProbeA594_171,TRUE,TRUE,0
90,../lnc/raw/NM_023000/Hela/2012-11-12/NM_023000_Hela_2012-11-12_192/,4,../lnc/seg/NM_023000_Hela_2012-11-12_192_cell.npy,../lnc/spot_detect_matlab/NM_023000_Hela_2012-11-12_192,TRUE,TRUE,0
91,../lnc/raw/NM_023000/Hela/2012-11-12/NM_023000_Hela_2012-11-12_193/,5,../lnc/seg/NM_023000_Hela_2012-11-12_193_cell.npy,../lnc/spot_detect_matlab/NM_023000_Hela_2012-11-12_193,TRUE,TRUE,0
92,../lnc/raw/NM_023000/Hela/oddsTmrEvensA594Oligo44_46_48/NM_023000_Hela_oddsTmrEvensA594Oligo44_46_48_182/,1,../lnc/seg/NM_023000_Hela_oddsTmrEvensA594Oligo44_46_48_182_cell.npy,../lnc/spot_detect_matlab/NM_023000_Hela_oddsTmrEvensA594Oligo44_46_48_182,TRUE,TRUE,0
93,../lnc/raw/NM_023000/Hela/oddsTmrEvensA594Oligo20_22_24/NM_023000_Hela_oddsTmrEvensA594Oligo20_22_24_189/,1,../lnc/seg/NM_023000_Hela_oddsTmrEvensA594Oligo20_22_24_189_cell.npy,../lnc/spot_detect_matlab/NM_023000_Hela_oddsTmrEvensA594Oligo20_22_24_189,TRUE,TRUE,0
94,../lnc/raw/NM_023000/Hela/oddsTmrEvensA594Oligo2_4_6/NM_023000_Hela_oddsTmrEvensA594Oligo2_4_6_190/,1,../lnc/seg/NM_023000_Hela_oddsTmrEvensA594Oligo2_4_6_190_cell.npy,../lnc/spot_detect_matlab/NM_023000_Hela_oddsTmrEvensA594Oligo2_4_6_190,TRUE,TRUE,0
95,../lnc/raw/NM_023000/Hela/oddsTmrEvensA594Oligo38_40_42/NM_023000_Hela_oddsTmrEvensA594Oligo38_40_42_194/,1,../lnc/seg/NM_023000_Hela_oddsTmrEvensA594Oligo38_40_42_194_cell.npy,../lnc/spot_detect_matlab/NM_023000_Hela_oddsTmrEvensA594Oligo38_40_42_194,TRUE,TRUE,0
96,../lnc/raw/NM_023000/Hela/oddsTmrEvensA594/NM_023000_Hela_oddsTmrEvensA594_174/,1,../lnc/seg/NM_023000_Hela_oddsTmrEvensA594_174_cell.npy,../lnc/spot_detect_matlab/NM_023000_Hela_oddsTmrEvensA594_174,TRUE,TRUE,0
97,../lnc/raw/NM_023000/Hela/oddsTmrEvensA594/NM_023000_Hela_oddsTmrEvensA594_173/,2,../lnc/seg/NM_023000_Hela_oddsTmrEvensA594_173_cell.npy,../lnc/spot_detect_matlab/NM_023000_Hela_oddsTmrEvensA594_173,TRUE,TRUE,0
98,../lnc/raw/NM_023000/Hela/oddsTmrEvensA594Oligo8_10_12/NM_023000_Hela_oddsTmrEvensA594Oligo8_10_12_195/,2,../lnc/seg/NM_023000_Hela_oddsTmrEvensA594Oligo8_10_12_195_cell.npy,../lnc/spot_detect_matlab/NM_023000_Hela_oddsTmrEvensA594Oligo8_10_12_195,TRUE,TRUE,0
99,../lnc/raw/NM_023000/Hela/oddsTmrEvensA594Oligo8_10_12/NM_023000_Hela_oddsTmrEvensA594Oligo8_10_12_196/,1,../lnc/seg/NM_023000_Hela_oddsTmrEvensA594Oligo8_10_12_196_cell.npy,../lnc/spot_detect_matlab/NM_023000_Hela_oddsTmrEvensA594Oligo8_10_12_196,TRUE,TRUE,0
100,../lnc/raw/NM_023000/Hela/oddsTmrEvensA594Oligo8_10_12/NM_023000_Hela_oddsTmrEvensA594Oligo8_10_12_197/,3,../lnc/seg/NM_023000_Hela_oddsTmrEvensA594Oligo8_10_12_197_cell.npy,../lnc/spot_detect_matlab/NM_023000_Hela_oddsTmrEvensA594Oligo8_10_12_197,TRUE,TRUE,0
101,../lnc/raw/NM_023000/Hela/2012_12_04fullProbeCy3LincNeighborA594/NM_023000_Hela_2012_12_04fullProbeCy3LincNeighborA594_184/,2,../lnc/seg/NM_023000_Hela_2012_12_04fullProbeCy3LincNeighborA594_184_cell.npy,../lnc/spot_detect_matlab/NM_023000_Hela_2012_12_04fullProbeCy3LincNeighborA594_184,TRUE,TRUE,0
102,../lnc/raw/NM_023000/Hela/2012_12_04fullProbeCy3LincNeighborA594/NM_023000_Hela_2012_12_04fullProbeCy3LincNeighborA594_185/,1,../lnc/seg/NM_023000_Hela_2012_12_04fullProbeCy3LincNeighborA594_185_cell.npy,../lnc/spot_detect_matlab/NM_023000_Hela_2012_12_04fullProbeCy3LincNeighborA594_185,TRUE,TRUE,0
103,../lnc/raw/NM_023000/Hela/2012_12_04fullProbeCy3LincNeighborA594/NM_023000_Hela_2012_12_04fullProbeCy3LincNeighborA594_183/,4,../lnc/seg/NM_023000_Hela_2012_12_04fullProbeCy3LincNeighborA594_183_cell.npy,../lnc/spot_detect_matlab/NM_023000_Hela_2012_12_04fullProbeCy3LincNeighborA594_183,TRUE,TRUE,0
104,../lnc/raw/NM_023000/Hela/2012_12_04fullProbeCy3LincNeighborA594/NM_023000_Hela_2012_12_04fullProbeCy3LincNeighborA594_187/,5,../lnc/seg/NM_023000_Hela_2012_12_04fullProbeCy3LincNeighborA594_187_cell.npy,../lnc/spot_detect_matlab/NM_023000_Hela_2012_12_04fullProbeCy3LincNeighborA594_187,TRUE,TRUE,0
105,../lnc/raw/NM_023000/Hela/2012_12_04fullProbeCy3LincNeighborA594/NM_023000_Hela_2012_12_04fullProbeCy3LincNeighborA594_186/,6,../lnc/seg/NM_023000_Hela_2012_12_04fullProbeCy3LincNeighborA594_186_cell.npy,../lnc/spot_detect_matlab/NM_023000_Hela_2012_12_04fullProbeCy3LincNeighborA594_186,TRUE,TRUE,0
106,../lnc/raw/NM_023000/Hela/2012_12_04fullProbeCy3LincNeighborA594/NM_023000_Hela_2012_12_04fullProbeCy3LincNeighborA594_188/,3,../lnc/seg/NM_023000_Hela_2012_12_04fullProbeCy3LincNeighborA594_188_cell.npy,../lnc/spot_detect_matlab/NM_023000_Hela_2012_12_04fullProbeCy3LincNeighborA594_188,TRUE,TRUE,0
107,../lnc/raw/NM_023000/Hela/oddsTmrEvensA594Oligo32_34_36/NM_023000_Hela_oddsTmrEvensA594Oligo32_34_36_181/,1,../lnc/seg/NM_023000_Hela_oddsTmrEvensA594Oligo32_34_36_181_cell.npy,../lnc/spot_detect_matlab/NM_023000_Hela_oddsTmrEvensA594Oligo32_34_36_181,TRUE,TRUE,0
108,../lnc/raw/NM_023000/Hela/oddsTmrEvensA594Oligo26_28_30/NM_023000_Hela_oddsTmrEvensA594Oligo26_28_30_191/,1,../lnc/seg/NM_023000_Hela_oddsTmrEvensA594Oligo26_28_30_191_cell.npy,../lnc/spot_detect_matlab/NM_023000_Hela_oddsTmrEvensA594Oligo26_28_30_191,TRUE,TRUE,0
109,../lnc/raw/NM_023000/Hela/odds2/NM_023000_Hela_odds2_177/,1,../lnc/seg/NM_023000_Hela_odds2_177_cell.npy,../lnc/spot_detect_matlab/NM_023000_Hela_odds2_177,TRUE,TRUE,0
110,../lnc/raw/NM_023000/Hela/odds2/NM_023000_Hela_odds2_175/,4,../lnc/seg/NM_023000_Hela_odds2_175_cell.npy,../lnc/spot_detect_matlab/NM_023000_Hela_odds2_175,TRUE,TRUE,0
111,../lnc/raw/NM_023000/Hela/odds2/NM_023000_Hela_odds2_180/,3,../lnc/seg/NM_023000_Hela_odds2_180_cell.npy,../lnc/spot_detect_matlab/NM_023000_Hela_odds2_180,TRUE,TRUE,0
112,../lnc/raw/NM_023000/Hela/odds2/NM_023000_Hela_odds2_179/,5,../lnc/seg/NM_023000_Hela_odds2_179_cell.npy,../lnc/spot_detect_matlab/NM_023000_Hela_odds2_179,TRUE,TRUE,0
113,../lnc/raw/NM_023000/Hela/odds2/NM_023000_Hela_odds2_176/,2,../lnc/seg/NM_023000_Hela_odds2_176_cell.npy,../lnc/spot_detect_matlab/NM_023000_Hela_odds2_176,TRUE,TRUE,0
114,../lnc/raw/NM_023000/Hela/odds2/NM_023000_Hela_odds2_178/,6,../lnc/seg/NM_023000_Hela_odds2_178_cell.npy,../lnc/spot_detect_matlab/NM_023000_Hela_odds2_178,TRUE,TRUE,0
115,../lnc/raw/NM_023000/Imr90/fullProbeCy3LincNeighborA594_NM_023000Oligo2SpikeOut/NM_023000_Imr90_fullProbeCy3LincNeighborA594_NM_023000Oligo2SpikeOut_160/,3,../lnc/seg/NM_023000_Imr90_fullProbeCy3LincNeighborA594_NM_023000Oligo2SpikeOut_160_cell.npy,../lnc/spot_detect_matlab/NM_023000_Imr90_fullProbeCy3LincNeighborA594_NM_023000Oligo2SpikeOut_160,TRUE,TRUE,0
116,../lnc/raw/NM_023000/Imr90/fullProbeCy3LincNeighborA594_NM_023000Oligo2SpikeOut/NM_023000_Imr90_fullProbeCy3LincNeighborA594_NM_023000Oligo2SpikeOut_158/,2,../lnc/seg/NM_023000_Imr90_fullProbeCy3LincNeighborA594_NM_023000Oligo2SpikeOut_158_cell.npy,../lnc/spot_detect_matlab/NM_023000_Imr90_fullProbeCy3LincNeighborA594_NM_023000Oligo2SpikeOut_158,TRUE,TRUE,0
117,../lnc/raw/NM_023000/Imr90/fullProbeCy3LincNeighborA594_NM_023000Oligo2SpikeOut/NM_023000_Imr90_fullProbeCy3LincNeighborA594_NM_023000Oligo2SpikeOut_159/,1,../lnc/seg/NM_023000_Imr90_fullProbeCy3LincNeighborA594_NM_023000Oligo2SpikeOut_159_cell.npy,../lnc/spot_detect_matlab/NM_023000_Imr90_fullProbeCy3LincNeighborA594_NM_023000Oligo2SpikeOut_159,TRUE,TRUE,0
118,../lnc/raw/NM_023000/Imr90/oddsTmrEvensA594_oligo2SpikeOut/NM_023000_Imr90_oddsTmrEvensA594_oligo2SpikeOut_161/,2,../lnc/seg/NM_023000_Imr90_oddsTmrEvensA594_oligo2SpikeOut_161_cell.npy,../lnc/spot_detect_matlab/NM_023000_Imr90_oddsTmrEvensA594_oligo2SpikeOut_161,TRUE,TRUE,0
119,../lnc/raw/NM_023000/Imr90/oddsTmrEvensA594_oligo2SpikeOut/NM_023000_Imr90_oddsTmrEvensA594_oligo2SpikeOut_162/,1,../lnc/seg/NM_023000_Imr90_oddsTmrEvensA594_oligo2SpikeOut_162_cell.npy,../lnc/spot_detect_matlab/NM_023000_Imr90_oddsTmrEvensA594_oligo2SpikeOut_162,TRUE,TRUE,0
120,../lnc/raw/NM_023000/Imr90/oddsTmrEvensA594_oligo2SpikeOut/NM_023000_Imr90_oddsTmrEvensA594_oligo2SpikeOut_163/,3,../lnc/seg/NM_023000_Imr90_oddsTmrEvensA594_oligo2SpikeOut_163_cell.npy,../lnc/spot_detect_matlab/NM_023000_Imr90_oddsTmrEvensA594_oligo2SpikeOut_163,TRUE,TRUE,0
121,../lnc/raw/NRON/CRL2097/oddsTmrEvensA594/NRON_CRL2097_oddsTmrEvensA594_136/,1,../lnc/seg/NRON_CRL2097_oddsTmrEvensA594_136_cell.npy,../lnc/spot_detect_matlab/NRON_CRL2097_oddsTmrEvensA594_136,TRUE,TRUE,0
122,../lnc/raw/NRON/CRL2097/oddsTmrEvensA594/NRON_CRL2097_oddsTmrEvensA594_135/,2,../lnc/seg/NRON_CRL2097_oddsTmrEvensA594_135_cell.npy,../lnc/spot_detect_matlab/NRON_CRL2097_oddsTmrEvensA594_135,TRUE,TRUE,0
123,../lnc/raw/NRON/CRL2097/oddsTmrEvensA594/NRON_CRL2097_oddsTmrEvensA594_137/,3,../lnc/seg/NRON_CRL2097_oddsTmrEvensA594_137_cell.npy,../lnc/spot_detect_matlab/NRON_CRL2097_oddsTmrEvensA594_137,TRUE,TRUE,0
124,../lnc/raw/NRON/CRL2097/fullProbeA594/NRON_CRL2097_fullProbeA594_138/,2,../lnc/seg/NRON_CRL2097_fullProbeA594_138_cell.npy,../lnc/spot_detect_matlab/NRON_CRL2097_fullProbeA594_138,TRUE,TRUE,0
125,../lnc/raw/NRON/CRL2097/fullProbeA594/NRON_CRL2097_fullProbeA594_139/,1,../lnc/seg/NRON_CRL2097_fullProbeA594_139_cell.npy,../lnc/spot_detect_matlab/NRON_CRL2097_fullProbeA594_139,TRUE,TRUE,0
126,../lnc/raw/NRON/CRL2097/fullProbeA594/NRON_CRL2097_fullProbeA594_140/,3,../lnc/seg/NRON_CRL2097_fullProbeA594_140_cell.npy,../lnc/spot_detect_matlab/NRON_CRL2097_fullProbeA594_140,TRUE,TRUE,0
127,../lnc/raw/NRON/Hela/oddsTmrEvensA594/NRON_Hela_oddsTmrEvensA594_142/,1,../lnc/seg/NRON_Hela_oddsTmrEvensA594_142_cell.npy,../lnc/spot_detect_matlab/NRON_Hela_oddsTmrEvensA594_142,TRUE,TRUE,0
128,../lnc/raw/NRON/Hela/oddsTmrEvensA594/NRON_Hela_oddsTmrEvensA594_141/,2,../lnc/seg/NRON_Hela_oddsTmrEvensA594_141_cell.npy,../lnc/spot_detect_matlab/NRON_Hela_oddsTmrEvensA594_141,TRUE,TRUE,0
129,../lnc/raw/NRON/Hela/fullProbeA594/NRON_Hela_fullProbeA594_144/,1,../lnc/seg/NRON_Hela_fullProbeA594_144_cell.npy,../lnc/spot_detect_matlab/NRON_Hela_fullProbeA594_144,TRUE,TRUE,0
130,../lnc/raw/NRON/Hela/fullProbeA594/NRON_Hela_fullProbeA594_143/,2,../lnc/seg/NRON_Hela_fullProbeA594_143_cell.npy,../lnc/spot_detect_matlab/NRON_Hela_fullProbeA594_143,TRUE,TRUE,0
131,../lnc/raw/NRON/Imr90/oddsTmrEvensA594/NRON_Imr90_oddsTmrEvensA594_129/,2,../lnc/seg/NRON_Imr90_oddsTmrEvensA594_129_cell.npy,../lnc/spot_detect_matlab/NRON_Imr90_oddsTmrEvensA594_129,TRUE,TRUE,0
132,../lnc/raw/NRON/Imr90/oddsTmrEvensA594/NRON_Imr90_oddsTmrEvensA594_130/,1,../lnc/seg/NRON_Imr90_oddsTmrEvensA594_130_cell.npy,../lnc/spot_detect_matlab/NRON_Imr90_oddsTmrEvensA594_130,TRUE,TRUE,0
133,../lnc/raw/NRON/Imr90/oddsTmrEvensA594/NRON_Imr90_oddsTmrEvensA594_131/,3,../lnc/seg/NRON_Imr90_oddsTmrEvensA594_131_cell.npy,../lnc/spot_detect_matlab/NRON_Imr90_oddsTmrEvensA594_131,TRUE,TRUE,0
134,../lnc/raw/NRON/Imr90/fullProbeA594/NRON_Imr90_fullProbeA594_133/,1,../lnc/seg/NRON_Imr90_fullProbeA594_133_cell.npy,../lnc/spot_detect_matlab/NRON_Imr90_fullProbeA594_133,TRUE,TRUE,0
135,../lnc/raw/NRON/Imr90/fullProbeA594/NRON_Imr90_fullProbeA594_134/,3,../lnc/seg/NRON_Imr90_fullProbeA594_134_cell.npy,../lnc/spot_detect_matlab/NRON_Imr90_fullProbeA594_134,TRUE,TRUE,0
136,../lnc/raw/NRON/Imr90/fullProbeA594/NRON_Imr90_fullProbeA594_132/,2,../lnc/seg/NRON_Imr90_fullProbeA594_132_cell.npy,../lnc/spot_detect_matlab/NRON_Imr90_fullProbeA594_132,TRUE,TRUE,0
137,../lnc/raw/HOTAIR/Hela/NoOligo2_4_6_8/HOTAIR_Hela_NoOligo2_4_6_8_347/,1,../lnc/seg/HOTAIR_Hela_NoOligo2_4_6_8_347_cell.npy,../lnc/spot_detect_matlab/HOTAIR_Hela_NoOligo2_4_6_8_347,TRUE,TRUE,0
138,../lnc/raw/HOTAIR/Hela/NoOligo_1_3_5_6_10_11_15_17_18_25_32_34_36/HOTAIR_Hela_NoOligo_1_3_5_6_10_11_15_17_18_25_32_34_36_351/,2,../lnc/seg/HOTAIR_Hela_NoOligo_1_3_5_6_10_11_15_17_18_25_32_34_36_351_cell.npy,../lnc/spot_detect_matlab/HOTAIR_Hela_NoOligo_1_3_5_6_10_11_15_17_18_25_32_34_36_351,TRUE,FALSE,0
139,../lnc/raw/HOTAIR/Hela/NoOligo_1_3_5_6_10_11_15_17_18_25_32_34_36/HOTAIR_Hela_NoOligo_1_3_5_6_10_11_15_17_18_25_32_34_36_352/,1,../lnc/seg/HOTAIR_Hela_NoOligo_1_3_5_6_10_11_15_17_18_25_32_34_36_352_cell.npy,../lnc/spot_detect_matlab/HOTAIR_Hela_NoOligo_1_3_5_6_10_11_15_17_18_25_32_34_36_352,TRUE,FALSE,0
140,../lnc/raw/HOTAIR/Hela/NoOligo18_20_22_24/HOTAIR_Hela_NoOligo18_20_22_24_346/,3,../lnc/seg/HOTAIR_Hela_NoOligo18_20_22_24_346_cell.npy,../lnc/spot_detect_matlab/HOTAIR_Hela_NoOligo18_20_22_24_346,TRUE,TRUE,0
141,../lnc/raw/HOTAIR/Hela/NoOligo10_12_14_16/HOTAIR_Hela_NoOligo10_12_14_16_344/,2,../lnc/seg/HOTAIR_Hela_NoOligo10_12_14_16_344_cell.npy,../lnc/spot_detect_matlab/HOTAIR_Hela_NoOligo10_12_14_16_344,TRUE,TRUE,0
142,../lnc/raw/HOTAIR/Hela/NoOligo34_36_38_40/HOTAIR_Hela_NoOligo34_36_38_40_354/,5,../lnc/seg/HOTAIR_Hela_NoOligo34_36_38_40_354_cell.npy,../lnc/spot_detect_matlab/HOTAIR_Hela_NoOligo34_36_38_40_354,TRUE,TRUE,0
143,../lnc/raw/HOTAIR/Hela/NoOligo26_28_30_32/HOTAIR_Hela_NoOligo26_28_30_32_345/,4,../lnc/seg/HOTAIR_Hela_NoOligo26_28_30_32_345_cell.npy,../lnc/spot_detect_matlab/HOTAIR_Hela_NoOligo26_28_30_32_345,TRUE,TRUE,0
144,../lnc/raw/HOTAIR/Hela/NoOligo_1_3_5_6_10_11_15_17_18_25/HOTAIR_Hela_NoOligo_1_3_5_6_10_11_15_17_18_25_353/,1,../lnc/seg/HOTAIR_Hela_NoOligo_1_3_5_6_10_11_15_17_18_25_353_cell.npy,../lnc/spot_detect_matlab/HOTAIR_Hela_NoOligo_1_3_5_6_10_11_15_17_18_25_353,TRUE,TRUE,0
145,../lnc/raw/HOTAIR/Hela/NoOligo42_44_46_48/HOTAIR_Hela_NoOligo42_44_46_48_350/,6,../lnc/seg/HOTAIR_Hela_NoOligo42_44_46_48_350_cell.npy,../lnc/spot_detect_matlab/HOTAIR_Hela_NoOligo42_44_46_48_350,TRUE,TRUE,0
146,../lnc/raw/HOTAIR/Hela/fullProbeA594_NoOligo_1_3_5_6_10_11_15_17_18_25_32_34_36/HOTAIR_Hela_fullProbeA594_NoOligo_1_3_5_6_10_11_15_17_18_25_32_34_36_348/,2,../lnc/seg/HOTAIR_Hela_fullProbeA594_NoOligo_1_3_5_6_10_11_15_17_18_25_32_34_36_348_cell.npy,../lnc/spot_detect_matlab/HOTAIR_Hela_fullProbeA594_NoOligo_1_3_5_6_10_11_15_17_18_25_32_34_36_348,FALSE,FALSE,0
147,../lnc/raw/HOTAIR/Hela/fullProbeA594_NoOligo_1_3_5_6_10_11_15_17_18_25_32_34_36/HOTAIR_Hela_fullProbeA594_NoOligo_1_3_5_6_10_11_15_17_18_25_32_34_36_349/,1,../lnc/seg/HOTAIR_Hela_fullProbeA594_NoOligo_1_3_5_6_10_11_15_17_18_25_32_34_36_349_cell.npy,../lnc/spot_detect_matlab/HOTAIR_Hela_fullProbeA594_NoOligo_1_3_5_6_10_11_15_17_18_25_32_34_36_349,FALSE,FALSE,0
148,../lnc/raw/HOTAIR/Imr90/2folder/HOTAIR_Imr90_2folder_337/,1,../lnc/seg/HOTAIR_Imr90_2folder_337_cell.npy,../lnc/spot_detect_matlab/HOTAIR_Imr90_2folder_337,TRUE,TRUE,0
149,../lnc/raw/HOTAIR/Imr90/8folder/HOTAIR_Imr90_8folder_343/,1,../lnc/seg/HOTAIR_Imr90_8folder_343_cell.npy,../lnc/spot_detect_matlab/HOTAIR_Imr90_8folder_343,TRUE,TRUE,0
150,../lnc/raw/HOTAIR/Imr90/4folder/HOTAIR_Imr90_4folder_342/,2,../lnc/seg/HOTAIR_Imr90_4folder_342_cell.npy,../lnc/spot_detect_matlab/HOTAIR_Imr90_4folder_342,TRUE,TRUE,0
151,../lnc/raw/HOTAIR/Imr90/3folder/HOTAIR_Imr90_3folder_336/,1,../lnc/seg/HOTAIR_Imr90_3folder_336_cell.npy,../lnc/spot_detect_matlab/HOTAIR_Imr90_3folder_336,TRUE,TRUE,0
152,../lnc/raw/HOTAIR/Imr90/1folder/HOTAIR_Imr90_1folder_339/,1,../lnc/seg/HOTAIR_Imr90_1folder_339_cell.npy,../lnc/spot_detect_matlab/HOTAIR_Imr90_1folder_339,TRUE,TRUE,0
153,../lnc/raw/HOTAIR/Imr90/1folder/HOTAIR_Imr90_1folder_338/,2,../lnc/seg/HOTAIR_Imr90_1folder_338_cell.npy,../lnc/spot_detect_matlab/HOTAIR_Imr90_1folder_338,TRUE,TRUE,0
154,../lnc/raw/HOTAIR/Imr90/6folder/HOTAIR_Imr90_6folder_341/,1,../lnc/seg/HOTAIR_Imr90_6folder_341_cell.npy,../lnc/spot_detect_matlab/HOTAIR_Imr90_6folder_341,TRUE,TRUE,0
155,../lnc/raw/HOTAIR/Imr90/5folder/HOTAIR_Imr90_5folder_340/,3,../lnc/seg/HOTAIR_Imr90_5folder_340_cell.npy,../lnc/spot_detect_matlab/HOTAIR_Imr90_5folder_340,TRUE,TRUE,0
156,../lnc/raw/HOTAIR/Imr90/7folder/HOTAIR_Imr90_7folder_335/,2,../lnc/seg/HOTAIR_Imr90_7folder_335_cell.npy,../lnc/spot_detect_matlab/HOTAIR_Imr90_7folder_335,TRUE,TRUE,0
157,../lnc/raw/TINCR/CRL2097/2012-12-12o/TINCR_CRL2097_2012-12-12o_96/,4,../lnc/seg/TINCR_CRL2097_2012-12-12o_96_cell.npy,../lnc/spot_detect_matlab/TINCR_CRL2097_2012-12-12o_96,TRUE,TRUE,0
158,../lnc/raw/TINCR/CRL2097/2012-12-12o/TINCR_CRL2097_2012-12-12o_98/,5,../lnc/seg/TINCR_CRL2097_2012-12-12o_98_cell.npy,../lnc/spot_detect_matlab/TINCR_CRL2097_2012-12-12o_98,TRUE,TRUE,0
159,../lnc/raw/TINCR/CRL2097/2012-12-12o/TINCR_CRL2097_2012-12-12o_97/,6,../lnc/seg/TINCR_CRL2097_2012-12-12o_97_cell.npy,../lnc/spot_detect_matlab/TINCR_CRL2097_2012-12-12o_97,TRUE,TRUE,0
160,../lnc/raw/TINCR/CRL2097/2012-12-12f/TINCR_CRL2097_2012-12-12f_99/,2,../lnc/seg/TINCR_CRL2097_2012-12-12f_99_cell.npy,../lnc/spot_detect_matlab/TINCR_CRL2097_2012-12-12f_99,TRUE,TRUE,0
161,../lnc/raw/TINCR/CRL2097/2012-12-12f/TINCR_CRL2097_2012-12-12f_100/,1,../lnc/seg/TINCR_CRL2097_2012-12-12f_100_cell.npy,../lnc/spot_detect_matlab/TINCR_CRL2097_2012-12-12f_100,TRUE,TRUE,0
162,../lnc/raw/TINCR/CRL2097/2012-12-12f/TINCR_CRL2097_2012-12-12f_101/,3,../lnc/seg/TINCR_CRL2097_2012-12-12f_101_cell.npy,../lnc/spot_detect_matlab/TINCR_CRL2097_2012-12-12f_101,TRUE,TRUE,0
163,../lnc/raw/TINCR/Hela/2012-12-12o/TINCR_Hela_2012-12-12o_102/,4,../lnc/seg/TINCR_Hela_2012-12-12o_102_cell.npy,../lnc/spot_detect_matlab/TINCR_Hela_2012-12-12o_102,TRUE,TRUE,0
164,../lnc/raw/TINCR/Hela/2012-12-12o/TINCR_Hela_2012-12-12o_103/,3,../lnc/seg/TINCR_Hela_2012-12-12o_103_cell.npy,../lnc/spot_detect_matlab/TINCR_Hela_2012-12-12o_103,TRUE,TRUE,0
165,../lnc/raw/TINCR/Hela/2012-12-12f/TINCR_Hela_2012-12-12f_105/,1,../lnc/seg/TINCR_Hela_2012-12-12f_105_cell.npy,../lnc/spot_detect_matlab/TINCR_Hela_2012-12-12f_105,TRUE,TRUE,0
166,../lnc/raw/TINCR/Hela/2012-12-12f/TINCR_Hela_2012-12-12f_104/,2,../lnc/seg/TINCR_Hela_2012-12-12f_104_cell.npy,../lnc/spot_detect_matlab/TINCR_Hela_2012-12-12f_104,TRUE,TRUE,0
167,../lnc/raw/TINCR/Imr90/2012-12-12o/TINCR_Imr90_2012-12-12o_92/,5,../lnc/seg/TINCR_Imr90_2012-12-12o_92_cell.npy,../lnc/spot_detect_matlab/TINCR_Imr90_2012-12-12o_92,TRUE,TRUE,0
168,../lnc/raw/TINCR/Imr90/2012-12-12o/TINCR_Imr90_2012-12-12o_90/,4,../lnc/seg/TINCR_Imr90_2012-12-12o_90_cell.npy,../lnc/spot_detect_matlab/TINCR_Imr90_2012-12-12o_90,TRUE,TRUE,0
169,../lnc/raw/TINCR/Imr90/2012-12-12o/TINCR_Imr90_2012-12-12o_91/,6,../lnc/seg/TINCR_Imr90_2012-12-12o_91_cell.npy,../lnc/spot_detect_matlab/TINCR_Imr90_2012-12-12o_91,TRUE,TRUE,0
170,../lnc/raw/TINCR/Imr90/2012-12-12f/TINCR_Imr90_2012-12-12f_93/,2,../lnc/seg/TINCR_Imr90_2012-12-12f_93_cell.npy,../lnc/spot_detect_matlab/TINCR_Imr90_2012-12-12f_93,TRUE,TRUE,0
171,../lnc/raw/TINCR/Imr90/2012-12-12f/TINCR_Imr90_2012-12-12f_94/,1,../lnc/seg/TINCR_Imr90_2012-12-12f_94_cell.npy,../lnc/spot_detect_matlab/TINCR_Imr90_2012-12-12f_94,TRUE,TRUE,0
172,../lnc/raw/TINCR/Imr90/2012-12-12f/TINCR_Imr90_2012-12-12f_95/,3,../lnc/seg/TINCR_Imr90_2012-12-12f_95_cell.npy,../lnc/spot_detect_matlab/TINCR_Imr90_2012-12-12f_95,TRUE,TRUE,0
173,../lnc/raw/ANCR/CRL2097/fullProbeTmr/ANCR_CRL2097_fullProbeTmr_83/,2,../lnc/seg/ANCR_CRL2097_fullProbeTmr_83_cell.npy,../lnc/spot_detect_matlab/ANCR_CRL2097_fullProbeTmr_83,TRUE,TRUE,0
174,../lnc/raw/ANCR/CRL2097/fullProbeTmr/ANCR_CRL2097_fullProbeTmr_85/,3,../lnc/seg/ANCR_CRL2097_fullProbeTmr_85_cell.npy,../lnc/spot_detect_matlab/ANCR_CRL2097_fullProbeTmr_85,TRUE,TRUE,0
175,../lnc/raw/ANCR/CRL2097/fullProbeTmr/ANCR_CRL2097_fullProbeTmr_84/,1,../lnc/seg/ANCR_CRL2097_fullProbeTmr_84_cell.npy,../lnc/spot_detect_matlab/ANCR_CRL2097_fullProbeTmr_84,TRUE,TRUE,0
176,../lnc/raw/ANCR/CRL2097/oddsTmrEvensA594/ANCR_CRL2097_oddsTmrEvensA594_80/,4,../lnc/seg/ANCR_CRL2097_oddsTmrEvensA594_80_cell.npy,../lnc/spot_detect_matlab/ANCR_CRL2097_oddsTmrEvensA594_80,TRUE,TRUE,0
177,../lnc/raw/ANCR/CRL2097/oddsTmrEvensA594/ANCR_CRL2097_oddsTmrEvensA594_82/,5,../lnc/seg/ANCR_CRL2097_oddsTmrEvensA594_82_cell.npy,../lnc/spot_detect_matlab/ANCR_CRL2097_oddsTmrEvensA594_82,TRUE,TRUE,0
178,../lnc/raw/ANCR/CRL2097/oddsTmrEvensA594/ANCR_CRL2097_oddsTmrEvensA594_81/,6,../lnc/seg/ANCR_CRL2097_oddsTmrEvensA594_81_cell.npy,../lnc/spot_detect_matlab/ANCR_CRL2097_oddsTmrEvensA594_81,TRUE,TRUE,0
179,../lnc/raw/ANCR/Hela/fullProbeTmr/ANCR_Hela_fullProbeTmr_89/,1,../lnc/seg/ANCR_Hela_fullProbeTmr_89_cell.npy,../lnc/spot_detect_matlab/ANCR_Hela_fullProbeTmr_89,TRUE,TRUE,0
180,../lnc/raw/ANCR/Hela/fullProbeTmr/ANCR_Hela_fullProbeTmr_88/,2,../lnc/seg/ANCR_Hela_fullProbeTmr_88_cell.npy,../lnc/spot_detect_matlab/ANCR_Hela_fullProbeTmr_88,TRUE,TRUE,0
181,../lnc/raw/ANCR/Hela/oddsTmrEvensA594/ANCR_Hela_oddsTmrEvensA594_87/,3,../lnc/seg/ANCR_Hela_oddsTmrEvensA594_87_cell.npy,../lnc/spot_detect_matlab/ANCR_Hela_oddsTmrEvensA594_87,TRUE,TRUE,0
182,../lnc/raw/ANCR/Hela/oddsTmrEvensA594/ANCR_Hela_oddsTmrEvensA594_86/,4,../lnc/seg/ANCR_Hela_oddsTmrEvensA594_86_cell.npy,../lnc/spot_detect_matlab/ANCR_Hela_oddsTmrEvensA594_86,TRUE,TRUE,0
183,../lnc/raw/ANCR/Imr90/fullProbeTmr/ANCR_Imr90_fullProbeTmr_79/,3,../lnc/seg/ANCR_Imr90_fullProbeTmr_79_cell.npy,../lnc/spot_detect_matlab/ANCR_Imr90_fullProbeTmr_79,TRUE,TRUE,0
184,../lnc/raw/ANCR/Imr90/fullProbeTmr/ANCR_Imr90_fullProbeTmr_77/,2,../lnc/seg/ANCR_Imr90_fullProbeTmr_77_cell.npy,../lnc/spot_detect_matlab/ANCR_Imr90_fullProbeTmr_77,TRUE,TRUE,0
185,../lnc/raw/ANCR/Imr90/fullProbeTmr/ANCR_Imr90_fullProbeTmr_78/,1,../lnc/seg/ANCR_Imr90_fullProbeTmr_78_cell.npy,../lnc/spot_detect_matlab/ANCR_Imr90_fullProbeTmr_78,TRUE,TRUE,0
186,../lnc/raw/ANCR/Imr90/oddsTmrEvensA594/ANCR_Imr90_oddsTmrEvensA594_76/,5,../lnc/seg/ANCR_Imr90_oddsTmrEvensA594_76_cell.npy,../lnc/spot_detect_matlab/ANCR_Imr90_oddsTmrEvensA594_76,TRUE,TRUE,0
187,../lnc/raw/ANCR/Imr90/oddsTmrEvensA594/ANCR_Imr90_oddsTmrEvensA594_75/,6,../lnc/seg/ANCR_Imr90_oddsTmrEvensA594_75_cell.npy,../lnc/spot_detect_matlab/ANCR_Imr90_oddsTmrEvensA594_75,TRUE,TRUE,0
188,../lnc/raw/ANCR/Imr90/oddsTmrEvensA594/ANCR_Imr90_oddsTmrEvensA594_74/,4,../lnc/seg/ANCR_Imr90_oddsTmrEvensA594_74_cell.npy,../lnc/spot_detect_matlab/ANCR_Imr90_oddsTmrEvensA594_74,TRUE,TRUE,0
189,../lnc/raw/NM_005853/CRL2097/fullProbeCy3/NM_005853_CRL2097_fullProbeCy3_113/,1,../lnc/seg/NM_005853_CRL2097_fullProbeCy3_113_cell.npy,../lnc/spot_detect_matlab/NM_005853_CRL2097_fullProbeCy3_113,TRUE,TRUE,0
190,../lnc/raw/NM_005853/CRL2097/fullProbeCy3/NM_005853_CRL2097_fullProbeCy3_114/,3,../lnc/seg/NM_005853_CRL2097_fullProbeCy3_114_cell.npy,../lnc/spot_detect_matlab/NM_005853_CRL2097_fullProbeCy3_114,TRUE,TRUE,0
191,../lnc/raw/NM_005853/CRL2097/fullProbeCy3/NM_005853_CRL2097_fullProbeCy3_112/,2,../lnc/seg/NM_005853_CRL2097_fullProbeCy3_112_cell.npy,../lnc/spot_detect_matlab/NM_005853_CRL2097_fullProbeCy3_112,TRUE,TRUE,0
192,../lnc/raw/NM_005853/CRL2097/oddsTmrEvensA594/NM_005853_CRL2097_oddsTmrEvensA594_111/,3,../lnc/seg/NM_005853_CRL2097_oddsTmrEvensA594_111_cell.npy,../lnc/spot_detect_matlab/NM_005853_CRL2097_oddsTmrEvensA594_111,TRUE,TRUE,0
193,../lnc/raw/NM_005853/CRL2097/oddsTmrEvensA594/NM_005853_CRL2097_oddsTmrEvensA594_109/,2,../lnc/seg/NM_005853_CRL2097_oddsTmrEvensA594_109_cell.npy,../lnc/spot_detect_matlab/NM_005853_CRL2097_oddsTmrEvensA594_109,TRUE,TRUE,0
194,../lnc/raw/NM_005853/CRL2097/oddsTmrEvensA594/NM_005853_CRL2097_oddsTmrEvensA594_110/,1,../lnc/seg/NM_005853_CRL2097_oddsTmrEvensA594_110_cell.npy,../lnc/spot_detect_matlab/NM_005853_CRL2097_oddsTmrEvensA594_110,TRUE,TRUE,0
195,../lnc/raw/NM_005853/Hela/fullProbeCy3/NM_005853_Hela_fullProbeCy3_118/,1,../lnc/seg/NM_005853_Hela_fullProbeCy3_118_cell.npy,../lnc/spot_detect_matlab/NM_005853_Hela_fullProbeCy3_118,TRUE,TRUE,0
196,../lnc/raw/NM_005853/Hela/fullProbeCy3/NM_005853_Hela_fullProbeCy3_117/,2,../lnc/seg/NM_005853_Hela_fullProbeCy3_117_cell.npy,../lnc/spot_detect_matlab/NM_005853_Hela_fullProbeCy3_117,TRUE,TRUE,0
197,../lnc/raw/NM_005853/Hela/oddsTmrEvensA594/NM_005853_Hela_oddsTmrEvensA594_115/,2,../lnc/seg/NM_005853_Hela_oddsTmrEvensA594_115_cell.npy,../lnc/spot_detect_matlab/NM_005853_Hela_oddsTmrEvensA594_115,TRUE,TRUE,0
198,../lnc/raw/NM_005853/Hela/oddsTmrEvensA594/NM_005853_Hela_oddsTmrEvensA594_116/,1,../lnc/seg/NM_005853_Hela_oddsTmrEvensA594_116_cell.npy,../lnc/spot_detect_matlab/NM_005853_Hela_oddsTmrEvensA594_116,TRUE,TRUE,0
199,../lnc/raw/NM_005853/Imr90/2013-01-08/NM_005853_Imr90_2013-01-08_107/,1,../lnc/seg/NM_005853_Imr90_2013-01-08_107_cell.npy,../lnc/spot_detect_matlab/NM_005853_Imr90_2013-01-08_107,TRUE,TRUE,0
200,../lnc/raw/NM_005853/Imr90/2013-01-08/NM_005853_Imr90_2013-01-08_106/,2,../lnc/seg/NM_005853_Imr90_2013-01-08_106_cell.npy,../lnc/spot_detect_matlab/NM_005853_Imr90_2013-01-08_106,TRUE,TRUE,0
201,../lnc/raw/NM_005853/Imr90/2013-01-08/NM_005853_Imr90_2013-01-08_108/,3,../lnc/seg/NM_005853_Imr90_2013-01-08_108_cell.npy,../lnc/spot_detect_matlab/NM_005853_Imr90_2013-01-08_108,TRUE,TRUE,0
202,../lnc/raw/XLOC_006198/CRL2097/oddsTmrEvensA594/XLOC_006198_CRL2097_oddsTmrEvensA594_119/,2,../lnc/seg/XLOC_006198_CRL2097_oddsTmrEvensA594_119_cell.npy,../lnc/spot_detect_matlab/XLOC_006198_CRL2097_oddsTmrEvensA594_119,TRUE,FALSE,0
203,../lnc/raw/XLOC_006198/CRL2097/oddsTmrEvensA594/XLOC_006198_CRL2097_oddsTmrEvensA594_121/,3,../lnc/seg/XLOC_006198_CRL2097_oddsTmrEvensA594_121_cell.npy,../lnc/spot_detect_matlab/XLOC_006198_CRL2097_oddsTmrEvensA594_121,TRUE,FALSE,0
204,../lnc/raw/XLOC_006198/CRL2097/oddsTmrEvensA594/XLOC_006198_CRL2097_oddsTmrEvensA594_120/,1,../lnc/seg/XLOC_006198_CRL2097_oddsTmrEvensA594_120_cell.npy,../lnc/spot_detect_matlab/XLOC_006198_CRL2097_oddsTmrEvensA594_120,TRUE,FALSE,0
205,../lnc/raw/XLOC_006198/CRL2097/fullProbeA594/XLOC_006198_CRL2097_fullProbeA594_124/,3,../lnc/seg/XLOC_006198_CRL2097_fullProbeA594_124_cell.npy,../lnc/spot_detect_matlab/XLOC_006198_CRL2097_fullProbeA594_124,FALSE,FALSE,0
206,../lnc/raw/XLOC_006198/CRL2097/fullProbeA594/XLOC_006198_CRL2097_fullProbeA594_123/,1,../lnc/seg/XLOC_006198_CRL2097_fullProbeA594_123_cell.npy,../lnc/spot_detect_matlab/XLOC_006198_CRL2097_fullProbeA594_123,FALSE,FALSE,0
207,../lnc/raw/XLOC_006198/CRL2097/fullProbeA594/XLOC_006198_CRL2097_fullProbeA594_122/,2,../lnc/seg/XLOC_006198_CRL2097_fullProbeA594_122_cell.npy,../lnc/spot_detect_matlab/XLOC_006198_CRL2097_fullProbeA594_122,FALSE,FALSE,0
208,../lnc/raw/XLOC_006198/Hela/oddsTmrEvensA594/XLOC_006198_Hela_oddsTmrEvensA594_126/,1,../lnc/seg/XLOC_006198_Hela_oddsTmrEvensA594_126_cell.npy,../lnc/spot_detect_matlab/XLOC_006198_Hela_oddsTmrEvensA594_126,TRUE,FALSE,0
209,../lnc/raw/XLOC_006198/Hela/oddsTmrEvensA594/XLOC_006198_Hela_oddsTmrEvensA594_125/,2,../lnc/seg/XLOC_006198_Hela_oddsTmrEvensA594_125_cell.npy,../lnc/spot_detect_matlab/XLOC_006198_Hela_oddsTmrEvensA594_125,TRUE,FALSE,0
210,../lnc/raw/XLOC_006198/Hela/fullProbeA594/XLOC_006198_Hela_fullProbeA594_128/,1,../lnc/seg/XLOC_006198_Hela_fullProbeA594_128_cell.npy,../lnc/spot_detect_matlab/XLOC_006198_Hela_fullProbeA594_128,TRUE,FALSE,0
211,../lnc/raw/XLOC_006198/Hela/fullProbeA594/XLOC_006198_Hela_fullProbeA594_127/,2,../lnc/seg/XLOC_006198_Hela_fullProbeA594_127_cell.npy,../lnc/spot_detect_matlab/XLOC_006198_Hela_fullProbeA594_127,TRUE,FALSE,0
212,../lnc/raw/lincFOXF1/CRL2097/2013-01-12f/lincFOXF1_CRL2097_2013-01-12f_424/,1,../lnc/seg/lincFOXF1_CRL2097_2013-01-12f_424_cell.npy,../lnc/spot_detect_matlab/lincFOXF1_CRL2097_2013-01-12f_424,FALSE,TRUE,0
213,../lnc/raw/lincFOXF1/CRL2097/2013-01-12f/lincFOXF1_CRL2097_2013-01-12f_423/,2,../lnc/seg/lincFOXF1_CRL2097_2013-01-12f_423_cell.npy,../lnc/spot_detect_matlab/lincFOXF1_CRL2097_2013-01-12f_423,FALSE,TRUE,0
214,../lnc/raw/lincFOXF1/CRL2097/2013-01-12f/lincFOXF1_CRL2097_2013-01-12f_425/,3,../lnc/seg/lincFOXF1_CRL2097_2013-01-12f_425_cell.npy,../lnc/spot_detect_matlab/lincFOXF1_CRL2097_2013-01-12f_425,FALSE,TRUE,0
215,../lnc/raw/lincFOXF1/CRL2097/2013-01-03f/lincFOXF1_CRL2097_2013-01-03f_420/,2,../lnc/seg/lincFOXF1_CRL2097_2013-01-03f_420_cell.npy,../lnc/spot_detect_matlab/lincFOXF1_CRL2097_2013-01-03f_420,FALSE,TRUE,0
216,../lnc/raw/lincFOXF1/CRL2097/2013-01-03f/lincFOXF1_CRL2097_2013-01-03f_421/,1,../lnc/seg/lincFOXF1_CRL2097_2013-01-03f_421_cell.npy,../lnc/spot_detect_matlab/lincFOXF1_CRL2097_2013-01-03f_421,FALSE,TRUE,0
217,../lnc/raw/lincFOXF1/CRL2097/2013-01-03f/lincFOXF1_CRL2097_2013-01-03f_422/,3,../lnc/seg/lincFOXF1_CRL2097_2013-01-03f_422_cell.npy,../lnc/spot_detect_matlab/lincFOXF1_CRL2097_2013-01-03f_422,FALSE,TRUE,0
218,../lnc/raw/lincFOXF1/CRL2097/2013-01-12o/lincFOXF1_CRL2097_2013-01-12o_415/,1,../lnc/seg/lincFOXF1_CRL2097_2013-01-12o_415_cell.npy,../lnc/spot_detect_matlab/lincFOXF1_CRL2097_2013-01-12o_415,TRUE,TRUE,0
219,../lnc/raw/lincFOXF1/CRL2097/2013-01-12o/lincFOXF1_CRL2097_2013-01-12o_416/,3,../lnc/seg/lincFOXF1_CRL2097_2013-01-12o_416_cell.npy,../lnc/spot_detect_matlab/lincFOXF1_CRL2097_2013-01-12o_416,TRUE,TRUE,0
220,../lnc/raw/lincFOXF1/CRL2097/2013-01-12o/lincFOXF1_CRL2097_2013-01-12o_414/,2,../lnc/seg/lincFOXF1_CRL2097_2013-01-12o_414_cell.npy,../lnc/spot_detect_matlab/lincFOXF1_CRL2097_2013-01-12o_414,TRUE,TRUE,0
221,../lnc/raw/lincFOXF1/CRL2097/2013-01-03o/lincFOXF1_CRL2097_2013-01-03o_418/,6,../lnc/seg/lincFOXF1_CRL2097_2013-01-03o_418_cell.npy,../lnc/spot_detect_matlab/lincFOXF1_CRL2097_2013-01-03o_418,TRUE,TRUE,0
222,../lnc/raw/lincFOXF1/CRL2097/2013-01-03o/lincFOXF1_CRL2097_2013-01-03o_419/,5,../lnc/seg/lincFOXF1_CRL2097_2013-01-03o_419_cell.npy,../lnc/spot_detect_matlab/lincFOXF1_CRL2097_2013-01-03o_419,TRUE,TRUE,0
223,../lnc/raw/lincFOXF1/CRL2097/2013-01-03o/lincFOXF1_CRL2097_2013-01-03o_417/,4,../lnc/seg/lincFOXF1_CRL2097_2013-01-03o_417_cell.npy,../lnc/spot_detect_matlab/lincFOXF1_CRL2097_2013-01-03o_417,TRUE,TRUE,0
224,../lnc/raw/lincFOXF1/Hela/2013-01-11o/lincFOXF1_Hela_2013-01-11o_433/,1,../lnc/seg/lincFOXF1_Hela_2013-01-11o_433_cell.npy,../lnc/spot_detect_matlab/lincFOXF1_Hela_2013-01-11o_433,TRUE,TRUE,0
225,../lnc/raw/lincFOXF1/Hela/2013-01-11o/lincFOXF1_Hela_2013-01-11o_432/,2,../lnc/seg/lincFOXF1_Hela_2013-01-11o_432_cell.npy,../lnc/spot_detect_matlab/lincFOXF1_Hela_2013-01-11o_432,TRUE,TRUE,0
226,../lnc/raw/lincFOXF1/Hela/2013-01-03f/lincFOXF1_Hela_2013-01-03f_431/,1,../lnc/seg/lincFOXF1_Hela_2013-01-03f_431_cell.npy,../lnc/spot_detect_matlab/lincFOXF1_Hela_2013-01-03f_431,TRUE,TRUE,0
227,../lnc/raw/lincFOXF1/Hela/2013-01-03f/lincFOXF1_Hela_2013-01-03f_430/,2,../lnc/seg/lincFOXF1_Hela_2013-01-03f_430_cell.npy,../lnc/spot_detect_matlab/lincFOXF1_Hela_2013-01-03f_430,TRUE,TRUE,0
228,../lnc/raw/lincFOXF1/Hela/2013-01-03o/lincFOXF1_Hela_2013-01-03o_426/,4,../lnc/seg/lincFOXF1_Hela_2013-01-03o_426_cell.npy,../lnc/spot_detect_matlab/lincFOXF1_Hela_2013-01-03o_426,TRUE,TRUE,0
229,../lnc/raw/lincFOXF1/Hela/2013-01-03o/lincFOXF1_Hela_2013-01-03o_427/,3,../lnc/seg/lincFOXF1_Hela_2013-01-03o_427_cell.npy,../lnc/spot_detect_matlab/lincFOXF1_Hela_2013-01-03o_427,TRUE,TRUE,0
230,../lnc/raw/lincFOXF1/Hela/2013-01-11f/lincFOXF1_Hela_2013-01-11f_428/,2,../lnc/seg/lincFOXF1_Hela_2013-01-11f_428_cell.npy,../lnc/spot_detect_matlab/lincFOXF1_Hela_2013-01-11f_428,TRUE,TRUE,0
231,../lnc/raw/lincFOXF1/Hela/2013-01-11f/lincFOXF1_Hela_2013-01-11f_429/,1,../lnc/seg/lincFOXF1_Hela_2013-01-11f_429_cell.npy,../lnc/spot_detect_matlab/lincFOXF1_Hela_2013-01-11f_429,TRUE,TRUE,0
232,../lnc/raw/lincFOXF1/Imr90/2013-01-11o/lincFOXF1_Imr90_2013-01-11o_413/,3,../lnc/seg/lincFOXF1_Imr90_2013-01-11o_413_cell.npy,../lnc/spot_detect_matlab/lincFOXF1_Imr90_2013-01-11o_413,TRUE,TRUE,0
233,../lnc/raw/lincFOXF1/Imr90/2013-01-11o/lincFOXF1_Imr90_2013-01-11o_412/,1,../lnc/seg/lincFOXF1_Imr90_2013-01-11o_412_cell.npy,../lnc/spot_detect_matlab/lincFOXF1_Imr90_2013-01-11o_412,TRUE,TRUE,0
234,../lnc/raw/lincFOXF1/Imr90/2013-01-11o/lincFOXF1_Imr90_2013-01-11o_411/,2,../lnc/seg/lincFOXF1_Imr90_2013-01-11o_411_cell.npy,../lnc/spot_detect_matlab/lincFOXF1_Imr90_2013-01-11o_411,TRUE,TRUE,0
235,../lnc/raw/lincFOXF1/Imr90/2013-01-03f/lincFOXF1_Imr90_2013-01-03f_410/,3,../lnc/seg/lincFOXF1_Imr90_2013-01-03f_410_cell.npy,../lnc/spot_detect_matlab/lincFOXF1_Imr90_2013-01-03f_410,FALSE,TRUE,0
236,../lnc/raw/lincFOXF1/Imr90/2013-01-03f/lincFOXF1_Imr90_2013-01-03f_408/,2,../lnc/seg/lincFOXF1_Imr90_2013-01-03f_408_cell.npy,../lnc/spot_detect_matlab/lincFOXF1_Imr90_2013-01-03f_408,FALSE,TRUE,0
237,../lnc/raw/lincFOXF1/Imr90/2013-01-03f/lincFOXF1_Imr90_2013-01-03f_409/,1,../lnc/seg/lincFOXF1_Imr90_2013-01-03f_409_cell.npy,../lnc/spot_detect_matlab/lincFOXF1_Imr90_2013-01-03f_409,FALSE,TRUE,0
238,../lnc/raw/lincFOXF1/Imr90/2013-01-03o/lincFOXF1_Imr90_2013-01-03o_404/,5,../lnc/seg/lincFOXF1_Imr90_2013-01-03o_404_cell.npy,../lnc/spot_detect_matlab/lincFOXF1_Imr90_2013-01-03o_404,TRUE,TRUE,0
239,../lnc/raw/lincFOXF1/Imr90/2013-01-03o/lincFOXF1_Imr90_2013-01-03o_403/,6,../lnc/seg/lincFOXF1_Imr90_2013-01-03o_403_cell.npy,../lnc/spot_detect_matlab/lincFOXF1_Imr90_2013-01-03o_403,TRUE,TRUE,0
240,../lnc/raw/lincFOXF1/Imr90/2013-01-03o/lincFOXF1_Imr90_2013-01-03o_402/,4,../lnc/seg/lincFOXF1_Imr90_2013-01-03o_402_cell.npy,../lnc/spot_detect_matlab/lincFOXF1_Imr90_2013-01-03o_402,TRUE,TRUE,0
241,../lnc/raw/lincFOXF1/Imr90/2013-01-11f/lincFOXF1_Imr90_2013-01-11f_407/,3,../lnc/seg/lincFOXF1_Imr90_2013-01-11f_407_cell.npy,../lnc/spot_detect_matlab/lincFOXF1_Imr90_2013-01-11f_407,TRUE,TRUE,0
242,../lnc/raw/lincFOXF1/Imr90/2013-01-11f/lincFOXF1_Imr90_2013-01-11f_406/,1,../lnc/seg/lincFOXF1_Imr90_2013-01-11f_406_cell.npy,../lnc/spot_detect_matlab/lincFOXF1_Imr90_2013-01-11f_406,TRUE,TRUE,0
243,../lnc/raw/lincFOXF1/Imr90/2013-01-11f/lincFOXF1_Imr90_2013-01-11f_405/,2,../lnc/seg/lincFOXF1_Imr90_2013-01-11f_405_cell.npy,../lnc/spot_detect_matlab/lincFOXF1_Imr90_2013-01-11f_405,TRUE,TRUE,0
244,../lnc/raw/MIATnew/CRL2097/13_03_02f/MIATnew_CRL2097_13_03_02f_205/,1,../lnc/seg/MIATnew_CRL2097_13_03_02f_205_cell.npy,../lnc/spot_detect_matlab/MIATnew_CRL2097_13_03_02f_205,FALSE,TRUE,0
245,../lnc/raw/MIATnew/CRL2097/13_03_02f/MIATnew_CRL2097_13_03_02f_206/,3,../lnc/seg/MIATnew_CRL2097_13_03_02f_206_cell.npy,../lnc/spot_detect_matlab/MIATnew_CRL2097_13_03_02f_206,FALSE,TRUE,0
246,../lnc/raw/MIATnew/CRL2097/13_03_02f/MIATnew_CRL2097_13_03_02f_204/,2,../lnc/seg/MIATnew_CRL2097_13_03_02f_204_cell.npy,../lnc/spot_detect_matlab/MIATnew_CRL2097_13_03_02f_204,FALSE,TRUE,0
247,../lnc/raw/MIATnew/CRL2097/2013_03_02o/MIATnew_CRL2097_2013_03_02o_207/,2,../lnc/seg/MIATnew_CRL2097_2013_03_02o_207_cell.npy,../lnc/spot_detect_matlab/MIATnew_CRL2097_2013_03_02o_207,TRUE,TRUE,0
248,../lnc/raw/MIATnew/CRL2097/2013_03_02o/MIATnew_CRL2097_2013_03_02o_208/,1,../lnc/seg/MIATnew_CRL2097_2013_03_02o_208_cell.npy,../lnc/spot_detect_matlab/MIATnew_CRL2097_2013_03_02o_208,TRUE,TRUE,0
249,../lnc/raw/MIATnew/Hela/2013_03_02f/MIATnew_Hela_2013_03_02f_212/,1,../lnc/seg/MIATnew_Hela_2013_03_02f_212_cell.npy,../lnc/spot_detect_matlab/MIATnew_Hela_2013_03_02f_212,FALSE,TRUE,0
250,../lnc/raw/MIATnew/Hela/2013_03_02f/MIATnew_Hela_2013_03_02f_211/,2,../lnc/seg/MIATnew_Hela_2013_03_02f_211_cell.npy,../lnc/spot_detect_matlab/MIATnew_Hela_2013_03_02f_211,FALSE,TRUE,0
251,../lnc/raw/MIATnew/Hela/2013_03_02o/MIATnew_Hela_2013_03_02o_209/,2,../lnc/seg/MIATnew_Hela_2013_03_02o_209_cell.npy,../lnc/spot_detect_matlab/MIATnew_Hela_2013_03_02o_209,TRUE,TRUE,0
252,../lnc/raw/MIATnew/Hela/2013_03_02o/MIATnew_Hela_2013_03_02o_210/,1,../lnc/seg/MIATnew_Hela_2013_03_02o_210_cell.npy,../lnc/spot_detect_matlab/MIATnew_Hela_2013_03_02o_210,TRUE,TRUE,0
253,../lnc/raw/MIATnew/Imr90/2013_03_02f/MIATnew_Imr90_2013_03_02f_203/,3,../lnc/seg/MIATnew_Imr90_2013_03_02f_203_cell.npy,../lnc/spot_detect_matlab/MIATnew_Imr90_2013_03_02f_203,FALSE,TRUE,0
254,../lnc/raw/MIATnew/Imr90/2013_03_02f/MIATnew_Imr90_2013_03_02f_201/,2,../lnc/seg/MIATnew_Imr90_2013_03_02f_201_cell.npy,../lnc/spot_detect_matlab/MIATnew_Imr90_2013_03_02f_201,FALSE,TRUE,0
255,../lnc/raw/MIATnew/Imr90/2013_03_02f/MIATnew_Imr90_2013_03_02f_202/,1,../lnc/seg/MIATnew_Imr90_2013_03_02f_202_cell.npy,../lnc/spot_detect_matlab/MIATnew_Imr90_2013_03_02f_202,FALSE,TRUE,0
256,../lnc/raw/MIATnew/Imr90/2013_03_02o/MIATnew_Imr90_2013_03_02o_198/,2,../lnc/seg/MIATnew_Imr90_2013_03_02o_198_cell.npy,../lnc/spot_detect_matlab/MIATnew_Imr90_2013_03_02o_198,TRUE,TRUE,0
257,../lnc/raw/MIATnew/Imr90/2013_03_02o/MIATnew_Imr90_2013_03_02o_200/,3,../lnc/seg/MIATnew_Imr90_2013_03_02o_200_cell.npy,../lnc/spot_detect_matlab/MIATnew_Imr90_2013_03_02o_200,TRUE,TRUE,0
258,../lnc/raw/MIATnew/Imr90/2013_03_02o/MIATnew_Imr90_2013_03_02o_199/,1,../lnc/seg/MIATnew_Imr90_2013_03_02o_199_cell.npy,../lnc/spot_detect_matlab/MIATnew_Imr90_2013_03_02o_199,TRUE,TRUE,0
259,../lnc/raw/Terc/CRL2097/oddsTmrEvensA594/Terc_CRL2097_oddsTmrEvensA594_41/,6,../lnc/seg/Terc_CRL2097_oddsTmrEvensA594_41_cell.npy,../lnc/spot_detect_matlab/Terc_CRL2097_oddsTmrEvensA594_41,TRUE,TRUE,0
260,../lnc/raw/Terc/CRL2097/oddsTmrEvensA594/Terc_CRL2097_oddsTmrEvensA594_40/,4,../lnc/seg/Terc_CRL2097_oddsTmrEvensA594_40_cell.npy,../lnc/spot_detect_matlab/Terc_CRL2097_oddsTmrEvensA594_40,TRUE,TRUE,0
261,../lnc/raw/Terc/CRL2097/oddsTmrEvensA594/Terc_CRL2097_oddsTmrEvensA594_42/,5,../lnc/seg/Terc_CRL2097_oddsTmrEvensA594_42_cell.npy,../lnc/spot_detect_matlab/Terc_CRL2097_oddsTmrEvensA594_42,TRUE,TRUE,0
262,../lnc/raw/Terc/CRL2097/fullProbeA594/Terc_CRL2097_fullProbeA594_43/,2,../lnc/seg/Terc_CRL2097_fullProbeA594_43_cell.npy,../lnc/spot_detect_matlab/Terc_CRL2097_fullProbeA594_43,TRUE,TRUE,0
263,../lnc/raw/Terc/CRL2097/fullProbeA594/Terc_CRL2097_fullProbeA594_44/,1,../lnc/seg/Terc_CRL2097_fullProbeA594_44_cell.npy,../lnc/spot_detect_matlab/Terc_CRL2097_fullProbeA594_44,TRUE,TRUE,0
264,../lnc/raw/Terc/CRL2097/fullProbeA594/Terc_CRL2097_fullProbeA594_45/,3,../lnc/seg/Terc_CRL2097_fullProbeA594_45_cell.npy,../lnc/spot_detect_matlab/Terc_CRL2097_fullProbeA594_45,TRUE,TRUE,0
265,../lnc/raw/Terc/IMR90/oddsTmrEvensA594/Terc_IMR90_oddsTmrEvensA594_36/,5,../lnc/seg/Terc_IMR90_oddsTmrEvensA594_36_cell.npy,../lnc/spot_detect_matlab/Terc_IMR90_oddsTmrEvensA594_36,TRUE,TRUE,0
266,../lnc/raw/Terc/IMR90/oddsTmrEvensA594/Terc_IMR90_oddsTmrEvensA594_35/,6,../lnc/seg/Terc_IMR90_oddsTmrEvensA594_35_cell.npy,../lnc/spot_detect_matlab/Terc_IMR90_oddsTmrEvensA594_35,TRUE,TRUE,0
267,../lnc/raw/Terc/IMR90/oddsTmrEvensA594/Terc_IMR90_oddsTmrEvensA594_34/,4,../lnc/seg/Terc_IMR90_oddsTmrEvensA594_34_cell.npy,../lnc/spot_detect_matlab/Terc_IMR90_oddsTmrEvensA594_34,TRUE,TRUE,0
268,../lnc/raw/Terc/IMR90/fullProbeA594/Terc_IMR90_fullProbeA594_37/,2,../lnc/seg/Terc_IMR90_fullProbeA594_37_cell.npy,../lnc/spot_detect_matlab/Terc_IMR90_fullProbeA594_37,FALSE,TRUE,0
269,../lnc/raw/Terc/IMR90/fullProbeA594/Terc_IMR90_fullProbeA594_38/,1,../lnc/seg/Terc_IMR90_fullProbeA594_38_cell.npy,../lnc/spot_detect_matlab/Terc_IMR90_fullProbeA594_38,FALSE,TRUE,0
270,../lnc/raw/Terc/IMR90/fullProbeA594/Terc_IMR90_fullProbeA594_39/,3,../lnc/seg/Terc_IMR90_fullProbeA594_39_cell.npy,../lnc/spot_detect_matlab/Terc_IMR90_fullProbeA594_39,FALSE,TRUE,0
271,../lnc/raw/Terc/Hela/oddsTmrEvensA594/Terc_Hela_oddsTmrEvensA594_46/,4,../lnc/seg/Terc_Hela_oddsTmrEvensA594_46_cell.npy,../lnc/spot_detect_matlab/Terc_Hela_oddsTmrEvensA594_46,TRUE,TRUE,0
272,../lnc/raw/Terc/Hela/oddsTmrEvensA594/Terc_Hela_oddsTmrEvensA594_47/,3,../lnc/seg/Terc_Hela_oddsTmrEvensA594_47_cell.npy,../lnc/spot_detect_matlab/Terc_Hela_oddsTmrEvensA594_47,TRUE,TRUE,0
273,../lnc/raw/Terc/Hela/fullProbeA594/Terc_Hela_fullProbeA594_49/,1,../lnc/seg/Terc_Hela_fullProbeA594_49_cell.npy,../lnc/spot_detect_matlab/Terc_Hela_fullProbeA594_49,TRUE,TRUE,0
274,../lnc/raw/Terc/Hela/fullProbeA594/Terc_Hela_fullProbeA594_48/,2,../lnc/seg/Terc_Hela_fullProbeA594_48_cell.npy,../lnc/spot_detect_matlab/Terc_Hela_fullProbeA594_48,TRUE,TRUE,0
275,../lnc/raw/HOXA13_ORF_3UTR/CRL2097/2013-01-12f/HOXA13_ORF_3UTR_CRL2097_2013-01-12f_378/,3,../lnc/seg/HOXA13_ORF_3UTR_CRL2097_2013-01-12f_378_cell.npy,../lnc/spot_detect_matlab/HOXA13_ORF_3UTR_CRL2097_2013-01-12f_378,TRUE,TRUE,0
276,../lnc/raw/HOXA13_ORF_3UTR/CRL2097/2013-01-12f/HOXA13_ORF_3UTR_CRL2097_2013-01-12f_376/,2,../lnc/seg/HOXA13_ORF_3UTR_CRL2097_2013-01-12f_376_cell.npy,../lnc/spot_detect_matlab/HOXA13_ORF_3UTR_CRL2097_2013-01-12f_376,TRUE,TRUE,0
277,../lnc/raw/HOXA13_ORF_3UTR/CRL2097/2013-01-12f/HOXA13_ORF_3UTR_CRL2097_2013-01-12f_377/,1,../lnc/seg/HOXA13_ORF_3UTR_CRL2097_2013-01-12f_377_cell.npy,../lnc/spot_detect_matlab/HOXA13_ORF_3UTR_CRL2097_2013-01-12f_377,TRUE,TRUE,0
278,../lnc/raw/HOXA13_ORF_3UTR/CRL2097/2013-01-03f/HOXA13_ORF_3UTR_CRL2097_2013-01-03f_374/,1,../lnc/seg/HOXA13_ORF_3UTR_CRL2097_2013-01-03f_374_cell.npy,../lnc/spot_detect_matlab/HOXA13_ORF_3UTR_CRL2097_2013-01-03f_374,TRUE,TRUE,0
279,../lnc/raw/HOXA13_ORF_3UTR/CRL2097/2013-01-03f/HOXA13_ORF_3UTR_CRL2097_2013-01-03f_373/,2,../lnc/seg/HOXA13_ORF_3UTR_CRL2097_2013-01-03f_373_cell.npy,../lnc/spot_detect_matlab/HOXA13_ORF_3UTR_CRL2097_2013-01-03f_373,TRUE,TRUE,0
280,../lnc/raw/HOXA13_ORF_3UTR/CRL2097/2013-01-03f/HOXA13_ORF_3UTR_CRL2097_2013-01-03f_375/,3,../lnc/seg/HOXA13_ORF_3UTR_CRL2097_2013-01-03f_375_cell.npy,../lnc/spot_detect_matlab/HOXA13_ORF_3UTR_CRL2097_2013-01-03f_375,TRUE,TRUE,0
281,../lnc/raw/HOXA13_ORF_3UTR/CRL2097/2013-01-12o/HOXA13_ORF_3UTR_CRL2097_2013-01-12o_369/,3,../lnc/seg/HOXA13_ORF_3UTR_CRL2097_2013-01-12o_369_cell.npy,../lnc/spot_detect_matlab/HOXA13_ORF_3UTR_CRL2097_2013-01-12o_369,TRUE,TRUE,0
282,../lnc/raw/HOXA13_ORF_3UTR/CRL2097/2013-01-12o/HOXA13_ORF_3UTR_CRL2097_2013-01-12o_368/,1,../lnc/seg/HOXA13_ORF_3UTR_CRL2097_2013-01-12o_368_cell.npy,../lnc/spot_detect_matlab/HOXA13_ORF_3UTR_CRL2097_2013-01-12o_368,TRUE,TRUE,0
283,../lnc/raw/HOXA13_ORF_3UTR/CRL2097/2013-01-12o/HOXA13_ORF_3UTR_CRL2097_2013-01-12o_367/,2,../lnc/seg/HOXA13_ORF_3UTR_CRL2097_2013-01-12o_367_cell.npy,../lnc/spot_detect_matlab/HOXA13_ORF_3UTR_CRL2097_2013-01-12o_367,TRUE,TRUE,0
284,../lnc/raw/HOXA13_ORF_3UTR/CRL2097/2013-01-03o/HOXA13_ORF_3UTR_CRL2097_2013-01-03o_370/,4,../lnc/seg/HOXA13_ORF_3UTR_CRL2097_2013-01-03o_370_cell.npy,../lnc/spot_detect_matlab/HOXA13_ORF_3UTR_CRL2097_2013-01-03o_370,TRUE,TRUE,0
285,../lnc/raw/HOXA13_ORF_3UTR/CRL2097/2013-01-03o/HOXA13_ORF_3UTR_CRL2097_2013-01-03o_371/,6,../lnc/seg/HOXA13_ORF_3UTR_CRL2097_2013-01-03o_371_cell.npy,../lnc/spot_detect_matlab/HOXA13_ORF_3UTR_CRL2097_2013-01-03o_371,TRUE,TRUE,0
286,../lnc/raw/HOXA13_ORF_3UTR/CRL2097/2013-01-03o/HOXA13_ORF_3UTR_CRL2097_2013-01-03o_372/,5,../lnc/seg/HOXA13_ORF_3UTR_CRL2097_2013-01-03o_372_cell.npy,../lnc/spot_detect_matlab/HOXA13_ORF_3UTR_CRL2097_2013-01-03o_372,TRUE,TRUE,0
287,../lnc/raw/HOXA13_ORF_3UTR/Hela/2013-01-11o/HOXA13_ORF_3UTR_Hela_2013-01-11o_385/,2,../lnc/seg/HOXA13_ORF_3UTR_Hela_2013-01-11o_385_cell.npy,../lnc/spot_detect_matlab/HOXA13_ORF_3UTR_Hela_2013-01-11o_385,TRUE,TRUE,0
288,../lnc/raw/HOXA13_ORF_3UTR/Hela/2013-01-11o/HOXA13_ORF_3UTR_Hela_2013-01-11o_386/,1,../lnc/seg/HOXA13_ORF_3UTR_Hela_2013-01-11o_386_cell.npy,../lnc/spot_detect_matlab/HOXA13_ORF_3UTR_Hela_2013-01-11o_386,TRUE,TRUE,0
289,../lnc/raw/HOXA13_ORF_3UTR/Hela/2013-01-03f/HOXA13_ORF_3UTR_Hela_2013-01-03f_383/,2,../lnc/seg/HOXA13_ORF_3UTR_Hela_2013-01-03f_383_cell.npy,../lnc/spot_detect_matlab/HOXA13_ORF_3UTR_Hela_2013-01-03f_383,TRUE,TRUE,0
290,../lnc/raw/HOXA13_ORF_3UTR/Hela/2013-01-03f/HOXA13_ORF_3UTR_Hela_2013-01-03f_384/,1,../lnc/seg/HOXA13_ORF_3UTR_Hela_2013-01-03f_384_cell.npy,../lnc/spot_detect_matlab/HOXA13_ORF_3UTR_Hela_2013-01-03f_384,TRUE,TRUE,0
291,../lnc/raw/HOXA13_ORF_3UTR/Hela/2013-01-03o/HOXA13_ORF_3UTR_Hela_2013-01-03o_380/,1,../lnc/seg/HOXA13_ORF_3UTR_Hela_2013-01-03o_380_cell.npy,../lnc/spot_detect_matlab/HOXA13_ORF_3UTR_Hela_2013-01-03o_380,TRUE,TRUE,0
292,../lnc/raw/HOXA13_ORF_3UTR/Hela/2013-01-03o/HOXA13_ORF_3UTR_Hela_2013-01-03o_379/,2,../lnc/seg/HOXA13_ORF_3UTR_Hela_2013-01-03o_379_cell.npy,../lnc/spot_detect_matlab/HOXA13_ORF_3UTR_Hela_2013-01-03o_379,TRUE,TRUE,0
293,../lnc/raw/HOXA13_ORF_3UTR/Hela/2013-01-11f/HOXA13_ORF_3UTR_Hela_2013-01-11f_382/,1,../lnc/seg/HOXA13_ORF_3UTR_Hela_2013-01-11f_382_cell.npy,../lnc/spot_detect_matlab/HOXA13_ORF_3UTR_Hela_2013-01-11f_382,TRUE,TRUE,0
294,../lnc/raw/HOXA13_ORF_3UTR/Hela/2013-01-11f/HOXA13_ORF_3UTR_Hela_2013-01-11f_381/,2,../lnc/seg/HOXA13_ORF_3UTR_Hela_2013-01-11f_381_cell.npy,../lnc/spot_detect_matlab/HOXA13_ORF_3UTR_Hela_2013-01-11f_381,TRUE,TRUE,0
295,../lnc/raw/HOXA13_ORF_3UTR/Imr90/2013-01-11o/HOXA13_ORF_3UTR_Imr90_2013-01-11o_364/,2,../lnc/seg/HOXA13_ORF_3UTR_Imr90_2013-01-11o_364_cell.npy,../lnc/spot_detect_matlab/HOXA13_ORF_3UTR_Imr90_2013-01-11o_364,TRUE,TRUE,0
296,../lnc/raw/HOXA13_ORF_3UTR/Imr90/2013-01-11o/HOXA13_ORF_3UTR_Imr90_2013-01-11o_366/,3,../lnc/seg/HOXA13_ORF_3UTR_Imr90_2013-01-11o_366_cell.npy,../lnc/spot_detect_matlab/HOXA13_ORF_3UTR_Imr90_2013-01-11o_366,TRUE,TRUE,0
297,../lnc/raw/HOXA13_ORF_3UTR/Imr90/2013-01-11o/HOXA13_ORF_3UTR_Imr90_2013-01-11o_365/,1,../lnc/seg/HOXA13_ORF_3UTR_Imr90_2013-01-11o_365_cell.npy,../lnc/spot_detect_matlab/HOXA13_ORF_3UTR_Imr90_2013-01-11o_365,TRUE,TRUE,0
298,../lnc/raw/HOXA13_ORF_3UTR/Imr90/2013-01-03f/HOXA13_ORF_3UTR_Imr90_2013-01-03f_362/,1,../lnc/seg/HOXA13_ORF_3UTR_Imr90_2013-01-03f_362_cell.npy,../lnc/spot_detect_matlab/HOXA13_ORF_3UTR_Imr90_2013-01-03f_362,TRUE,TRUE,0
299,../lnc/raw/HOXA13_ORF_3UTR/Imr90/2013-01-03f/HOXA13_ORF_3UTR_Imr90_2013-01-03f_363/,3,../lnc/seg/HOXA13_ORF_3UTR_Imr90_2013-01-03f_363_cell.npy,../lnc/spot_detect_matlab/HOXA13_ORF_3UTR_Imr90_2013-01-03f_363,TRUE,TRUE,0
300,../lnc/raw/HOXA13_ORF_3UTR/Imr90/2013-01-03f/HOXA13_ORF_3UTR_Imr90_2013-01-03f_361/,2,../lnc/seg/HOXA13_ORF_3UTR_Imr90_2013-01-03f_361_cell.npy,../lnc/spot_detect_matlab/HOXA13_ORF_3UTR_Imr90_2013-01-03f_361,TRUE,TRUE,0
301,../lnc/raw/HOXA13_ORF_3UTR/Imr90/2013-01-03o/HOXA13_ORF_3UTR_Imr90_2013-01-03o_357/,5,../lnc/seg/HOXA13_ORF_3UTR_Imr90_2013-01-03o_357_cell.npy,../lnc/spot_detect_matlab/HOXA13_ORF_3UTR_Imr90_2013-01-03o_357,TRUE,TRUE,0
302,../lnc/raw/HOXA13_ORF_3UTR/Imr90/2013-01-03o/HOXA13_ORF_3UTR_Imr90_2013-01-03o_355/,4,../lnc/seg/HOXA13_ORF_3UTR_Imr90_2013-01-03o_355_cell.npy,../lnc/spot_detect_matlab/HOXA13_ORF_3UTR_Imr90_2013-01-03o_355,TRUE,TRUE,0
303,../lnc/raw/HOXA13_ORF_3UTR/Imr90/2013-01-03o/HOXA13_ORF_3UTR_Imr90_2013-01-03o_356/,6,../lnc/seg/HOXA13_ORF_3UTR_Imr90_2013-01-03o_356_cell.npy,../lnc/spot_detect_matlab/HOXA13_ORF_3UTR_Imr90_2013-01-03o_356,TRUE,TRUE,0
304,../lnc/raw/HOXA13_ORF_3UTR/Imr90/2013-01-11f/HOXA13_ORF_3UTR_Imr90_2013-01-11f_359/,1,../lnc/seg/HOXA13_ORF_3UTR_Imr90_2013-01-11f_359_cell.npy,../lnc/spot_detect_matlab/HOXA13_ORF_3UTR_Imr90_2013-01-11f_359,TRUE,TRUE,0
305,../lnc/raw/HOXA13_ORF_3UTR/Imr90/2013-01-11f/HOXA13_ORF_3UTR_Imr90_2013-01-11f_358/,2,../lnc/seg/HOXA13_ORF_3UTR_Imr90_2013-01-11f_358_cell.npy,../lnc/spot_detect_matlab/HOXA13_ORF_3UTR_Imr90_2013-01-11f_358,TRUE,TRUE,0
306,../lnc/raw/HOXA13_ORF_3UTR/Imr90/2013-01-11f/HOXA13_ORF_3UTR_Imr90_2013-01-11f_360/,3,../lnc/seg/HOXA13_ORF_3UTR_Imr90_2013-01-11f_360_cell.npy,../lnc/spot_detect_matlab/HOXA13_ORF_3UTR_Imr90_2013-01-11f_360,TRUE,TRUE,0
307,../lnc/raw/NR_029435/CRL2097/date/NR_029435_CRL2097_date_441/,1,../lnc/seg/NR_029435_CRL2097_date_441_cell.npy,../lnc/spot_detect_matlab/NR_029435_CRL2097_date_441,TRUE,TRUE,0
308,../lnc/raw/NR_029435/CRL2097/date/NR_029435_CRL2097_date_440/,2,../lnc/seg/NR_029435_CRL2097_date_440_cell.npy,../lnc/spot_detect_matlab/NR_029435_CRL2097_date_440,TRUE,TRUE,0
309,../lnc/raw/NR_029435/CRL2097/date/NR_029435_CRL2097_date_442/,3,../lnc/seg/NR_029435_CRL2097_date_442_cell.npy,../lnc/spot_detect_matlab/NR_029435_CRL2097_date_442,TRUE,TRUE,0
310,../lnc/raw/NR_029435/CRL2097/oddsTmrEvensA594_MaggiesCopy/NR_029435_CRL2097_oddsTmrEvensA594_MaggiesCopy_437/,4,../lnc/seg/NR_029435_CRL2097_oddsTmrEvensA594_MaggiesCopy_437_cell.npy,../lnc/spot_detect_matlab/NR_029435_CRL2097_oddsTmrEvensA594_MaggiesCopy_437,TRUE,TRUE,0
311,../lnc/raw/NR_029435/CRL2097/oddsTmrEvensA594_MaggiesCopy/NR_029435_CRL2097_oddsTmrEvensA594_MaggiesCopy_439/,5,../lnc/seg/NR_029435_CRL2097_oddsTmrEvensA594_MaggiesCopy_439_cell.npy,../lnc/spot_detect_matlab/NR_029435_CRL2097_oddsTmrEvensA594_MaggiesCopy_439,TRUE,TRUE,0
312,../lnc/raw/NR_029435/CRL2097/oddsTmrEvensA594_MaggiesCopy/NR_029435_CRL2097_oddsTmrEvensA594_MaggiesCopy_438/,6,../lnc/seg/NR_029435_CRL2097_oddsTmrEvensA594_MaggiesCopy_438_cell.npy,../lnc/spot_detect_matlab/NR_029435_CRL2097_oddsTmrEvensA594_MaggiesCopy_438,TRUE,TRUE,0
313,../lnc/raw/NR_029435/IMR90/date/NR_029435_IMR90_date_436/,3,../lnc/seg/NR_029435_IMR90_date_436_cell.npy,../lnc/spot_detect_matlab/NR_029435_IMR90_date_436,TRUE,TRUE,0
314,../lnc/raw/NR_029435/IMR90/date/NR_029435_IMR90_date_435/,1,../lnc/seg/NR_029435_IMR90_date_435_cell.npy,../lnc/spot_detect_matlab/NR_029435_IMR90_date_435,TRUE,TRUE,0
315,../lnc/raw/NR_029435/IMR90/date/NR_029435_IMR90_date_434/,2,../lnc/seg/NR_029435_IMR90_date_434_cell.npy,../lnc/spot_detect_matlab/NR_029435_IMR90_date_434,TRUE,TRUE,0
316,../lnc/raw/NM_000820/CRL2097/fullProbeTmr_NeighborXLOC_010514_A594/NM_000820_CRL2097_fullProbeTmr_NeighborXLOC_010514_A594_10/,1,../lnc/seg/NM_000820_CRL2097_fullProbeTmr_NeighborXLOC_010514_A594_10_cell.npy,../lnc/spot_detect_matlab/NM_000820_CRL2097_fullProbeTmr_NeighborXLOC_010514_A594_10,TRUE,TRUE,0
317,../lnc/raw/NM_000820/CRL2097/fullProbeTmr_NeighborXLOC_010514_A594/NM_000820_CRL2097_fullProbeTmr_NeighborXLOC_010514_A594_9/,2,../lnc/seg/NM_000820_CRL2097_fullProbeTmr_NeighborXLOC_010514_A594_9_cell.npy,../lnc/spot_detect_matlab/NM_000820_CRL2097_fullProbeTmr_NeighborXLOC_010514_A594_9,TRUE,TRUE,0
318,../lnc/raw/NM_000820/CRL2097/fullProbeTmr_NeighborXLOC_010514_A594/NM_000820_CRL2097_fullProbeTmr_NeighborXLOC_010514_A594_11/,3,../lnc/seg/NM_000820_CRL2097_fullProbeTmr_NeighborXLOC_010514_A594_11_cell.npy,../lnc/spot_detect_matlab/NM_000820_CRL2097_fullProbeTmr_NeighborXLOC_010514_A594_11,TRUE,TRUE,0
319,../lnc/raw/NM_000820/CRL2097/oddsTmrEvensA594/NM_000820_CRL2097_oddsTmrEvensA594_7/,6,../lnc/seg/NM_000820_CRL2097_oddsTmrEvensA594_7_cell.npy,../lnc/spot_detect_matlab/NM_000820_CRL2097_oddsTmrEvensA594_7,TRUE,TRUE,0
320,../lnc/raw/NM_000820/CRL2097/oddsTmrEvensA594/NM_000820_CRL2097_oddsTmrEvensA594_8/,5,../lnc/seg/NM_000820_CRL2097_oddsTmrEvensA594_8_cell.npy,../lnc/spot_detect_matlab/NM_000820_CRL2097_oddsTmrEvensA594_8,TRUE,TRUE,0
321,../lnc/raw/NM_000820/CRL2097/oddsTmrEvensA594/NM_000820_CRL2097_oddsTmrEvensA594_6/,4,../lnc/seg/NM_000820_CRL2097_oddsTmrEvensA594_6_cell.npy,../lnc/spot_detect_matlab/NM_000820_CRL2097_oddsTmrEvensA594_6,TRUE,TRUE,0
322,../lnc/raw/NM_000820/Hela/fullProbeTmr_NeighborXLOC_010514_A594/NM_000820_Hela_fullProbeTmr_NeighborXLOC_010514_A594_14/,2,../lnc/seg/NM_000820_Hela_fullProbeTmr_NeighborXLOC_010514_A594_14_cell.npy,../lnc/spot_detect_matlab/NM_000820_Hela_fullProbeTmr_NeighborXLOC_010514_A594_14,TRUE,TRUE,0
323,../lnc/raw/NM_000820/Hela/fullProbeTmr_NeighborXLOC_010514_A594/NM_000820_Hela_fullProbeTmr_NeighborXLOC_010514_A594_15/,1,../lnc/seg/NM_000820_Hela_fullProbeTmr_NeighborXLOC_010514_A594_15_cell.npy,../lnc/spot_detect_matlab/NM_000820_Hela_fullProbeTmr_NeighborXLOC_010514_A594_15,TRUE,TRUE,0
324,../lnc/raw/NM_000820/Hela/oddsTmrEvensA594/NM_000820_Hela_oddsTmrEvensA594_13/,3,../lnc/seg/NM_000820_Hela_oddsTmrEvensA594_13_cell.npy,../lnc/spot_detect_matlab/NM_000820_Hela_oddsTmrEvensA594_13,TRUE,TRUE,0
325,../lnc/raw/NM_000820/Hela/oddsTmrEvensA594/NM_000820_Hela_oddsTmrEvensA594_12/,4,../lnc/seg/NM_000820_Hela_oddsTmrEvensA594_12_cell.npy,../lnc/spot_detect_matlab/NM_000820_Hela_oddsTmrEvensA594_12,TRUE,TRUE,0
326,../lnc/raw/NM_000820/Imr90/fullProbeTmr_NeighborXLOC_010514_A594/NM_000820_Imr90_fullProbeTmr_NeighborXLOC_010514_A594_5/,3,../lnc/seg/NM_000820_Imr90_fullProbeTmr_NeighborXLOC_010514_A594_5_cell.npy,../lnc/spot_detect_matlab/NM_000820_Imr90_fullProbeTmr_NeighborXLOC_010514_A594_5,TRUE,TRUE,0
327,../lnc/raw/NM_000820/Imr90/fullProbeTmr_NeighborXLOC_010514_A594/NM_000820_Imr90_fullProbeTmr_NeighborXLOC_010514_A594_4/,1,../lnc/seg/NM_000820_Imr90_fullProbeTmr_NeighborXLOC_010514_A594_4_cell.npy,../lnc/spot_detect_matlab/NM_000820_Imr90_fullProbeTmr_NeighborXLOC_010514_A594_4,TRUE,TRUE,0
328,../lnc/raw/NM_000820/Imr90/fullProbeTmr_NeighborXLOC_010514_A594/NM_000820_Imr90_fullProbeTmr_NeighborXLOC_010514_A594_3/,2,../lnc/seg/NM_000820_Imr90_fullProbeTmr_NeighborXLOC_010514_A594_3_cell.npy,../lnc/spot_detect_matlab/NM_000820_Imr90_fullProbeTmr_NeighborXLOC_010514_A594_3,TRUE,TRUE,0
329,../lnc/raw/NM_000820/Imr90/oddsTmrEvensA594/NM_000820_Imr90_oddsTmrEvensA594_1/,6,../lnc/seg/NM_000820_Imr90_oddsTmrEvensA594_1_cell.npy,../lnc/spot_detect_matlab/NM_000820_Imr90_oddsTmrEvensA594_1,TRUE,TRUE,0
330,../lnc/raw/NM_000820/Imr90/oddsTmrEvensA594/NM_000820_Imr90_oddsTmrEvensA594_0/,4,../lnc/seg/NM_000820_Imr90_oddsTmrEvensA594_0_cell.npy,../lnc/spot_detect_matlab/NM_000820_Imr90_oddsTmrEvensA594_0,TRUE,TRUE,0
331,../lnc/raw/NM_000820/Imr90/oddsTmrEvensA594/NM_000820_Imr90_oddsTmrEvensA594_2/,5,../lnc/seg/NM_000820_Imr90_oddsTmrEvensA594_2_cell.npy,../lnc/spot_detect_matlab/NM_000820_Imr90_oddsTmrEvensA594_2,TRUE,TRUE,0
332,../lnc/raw/lincMKLN1_A1/CRL2097/2013.11.14/lincMKLN1_A1_CRL2097_2013.11.14_154/,3,../lnc/seg/lincMKLN1_A1_CRL2097_2013.11.14_154_cell.npy,../lnc/spot_detect_matlab/lincMKLN1_A1_CRL2097_2013.11.14_154,TRUE,FALSE,0
333,../lnc/raw/lincMKLN1_A1/CRL2097/2013.11.14/lincMKLN1_A1_CRL2097_2013.11.14_153/,5,../lnc/seg/lincMKLN1_A1_CRL2097_2013.11.14_153_cell.npy,../lnc/spot_detect_matlab/lincMKLN1_A1_CRL2097_2013.11.14_153,TRUE,FALSE,0
334,../lnc/raw/lincMKLN1_A1/CRL2097/2013.11.14/lincMKLN1_A1_CRL2097_2013.11.14_150/,4,../lnc/seg/lincMKLN1_A1_CRL2097_2013.11.14_150_cell.npy,../lnc/spot_detect_matlab/lincMKLN1_A1_CRL2097_2013.11.14_150,TRUE,FALSE,0
335,../lnc/raw/lincMKLN1_A1/CRL2097/2013.11.14/lincMKLN1_A1_CRL2097_2013.11.14_151/,2,../lnc/seg/lincMKLN1_A1_CRL2097_2013.11.14_151_cell.npy,../lnc/spot_detect_matlab/lincMKLN1_A1_CRL2097_2013.11.14_151,TRUE,FALSE,0
336,../lnc/raw/lincMKLN1_A1/CRL2097/2013.11.14/lincMKLN1_A1_CRL2097_2013.11.14_152/,1,../lnc/seg/lincMKLN1_A1_CRL2097_2013.11.14_152_cell.npy,../lnc/spot_detect_matlab/lincMKLN1_A1_CRL2097_2013.11.14_152,TRUE,FALSE,0
337,../lnc/raw/lincMKLN1_A1/Hela/2013.11.14/lincMKLN1_A1_Hela_2013.11.14_156/,1,../lnc/seg/lincMKLN1_A1_Hela_2013.11.14_156_cell.npy,../lnc/spot_detect_matlab/lincMKLN1_A1_Hela_2013.11.14_156,TRUE,TRUE,0
338,../lnc/raw/lincMKLN1_A1/Hela/2013.11.14/lincMKLN1_A1_Hela_2013.11.14_155/,2,../lnc/seg/lincMKLN1_A1_Hela_2013.11.14_155_cell.npy,../lnc/spot_detect_matlab/lincMKLN1_A1_Hela_2013.11.14_155,TRUE,TRUE,0
339,../lnc/raw/lincMKLN1_A1/Hela/2013.11.14/lincMKLN1_A1_Hela_2013.11.14_157/,3,../lnc/seg/lincMKLN1_A1_Hela_2013.11.14_157_cell.npy,../lnc/spot_detect_matlab/lincMKLN1_A1_Hela_2013.11.14_157,TRUE,TRUE,0
340,../lnc/raw/lincMKLN1_A1/Imr90/2013.11.14/lincMKLN1_A1_Imr90_2013.11.14_148/,5,../lnc/seg/lincMKLN1_A1_Imr90_2013.11.14_148_cell.npy,../lnc/spot_detect_matlab/lincMKLN1_A1_Imr90_2013.11.14_148,TRUE,FALSE,0
341,../lnc/raw/lincMKLN1_A1/Imr90/2013.11.14/lincMKLN1_A1_Imr90_2013.11.14_145/,4,../lnc/seg/lincMKLN1_A1_Imr90_2013.11.14_145_cell.npy,../lnc/spot_detect_matlab/lincMKLN1_A1_Imr90_2013.11.14_145,TRUE,FALSE,0
342,../lnc/raw/lincMKLN1_A1/Imr90/2013.11.14/lincMKLN1_A1_Imr90_2013.11.14_149/,3,../lnc/seg/lincMKLN1_A1_Imr90_2013.11.14_149_cell.npy,../lnc/spot_detect_matlab/lincMKLN1_A1_Imr90_2013.11.14_149,TRUE,FALSE,0
343,../lnc/raw/lincMKLN1_A1/Imr90/2013.11.14/lincMKLN1_A1_Imr90_2013.11.14_146/,2,../lnc/seg/lincMKLN1_A1_Imr90_2013.11.14_146_cell.npy,../lnc/spot_detect_matlab/lincMKLN1_A1_Imr90_2013.11.14_146,TRUE,FALSE,0
344,../lnc/raw/lincMKLN1_A1/Imr90/2013.11.14/lincMKLN1_A1_Imr90_2013.11.14_147/,1,../lnc/seg/lincMKLN1_A1_Imr90_2013.11.14_147_cell.npy,../lnc/spot_detect_matlab/lincMKLN1_A1_Imr90_2013.11.14_147,TRUE,FALSE,0
345,../lnc/raw/NR_024412/CRL2097/oddsTmrEvensA594/NR_024412_CRL2097_oddsTmrEvensA594_313/,2,../lnc/seg/NR_024412_CRL2097_oddsTmrEvensA594_313_cell.npy,../lnc/spot_detect_matlab/NR_024412_CRL2097_oddsTmrEvensA594_313,TRUE,FALSE,0
346,../lnc/raw/NR_024412/CRL2097/oddsTmrEvensA594/NR_024412_CRL2097_oddsTmrEvensA594_314/,1,../lnc/seg/NR_024412_CRL2097_oddsTmrEvensA594_314_cell.npy,../lnc/spot_detect_matlab/NR_024412_CRL2097_oddsTmrEvensA594_314,TRUE,FALSE,0
347,../lnc/raw/NR_024412/CRL2097/oddsTmrEvensA594/NR_024412_CRL2097_oddsTmrEvensA594_315/,3,../lnc/seg/NR_024412_CRL2097_oddsTmrEvensA594_315_cell.npy,../lnc/spot_detect_matlab/NR_024412_CRL2097_oddsTmrEvensA594_315,TRUE,FALSE,0
348,../lnc/raw/NR_024412/CRL2097/fullProbeA594/NR_024412_CRL2097_fullProbeA594_316/,2,../lnc/seg/NR_024412_CRL2097_fullProbeA594_316_cell.npy,../lnc/spot_detect_matlab/NR_024412_CRL2097_fullProbeA594_316,FALSE,FALSE,0
349,../lnc/raw/NR_024412/CRL2097/fullProbeA594/NR_024412_CRL2097_fullProbeA594_318/,3,../lnc/seg/NR_024412_CRL2097_fullProbeA594_318_cell.npy,../lnc/spot_detect_matlab/NR_024412_CRL2097_fullProbeA594_318,FALSE,FALSE,0
350,../lnc/raw/NR_024412/CRL2097/fullProbeA594/NR_024412_CRL2097_fullProbeA594_317/,1,../lnc/seg/NR_024412_CRL2097_fullProbeA594_317_cell.npy,../lnc/spot_detect_matlab/NR_024412_CRL2097_fullProbeA594_317,FALSE,FALSE,0
351,../lnc/raw/NR_024412/Hela/oddsTmrEvensA594/NR_024412_Hela_oddsTmrEvensA594_319/,2,../lnc/seg/NR_024412_Hela_oddsTmrEvensA594_319_cell.npy,../lnc/spot_detect_matlab/NR_024412_Hela_oddsTmrEvensA594_319,TRUE,FALSE,0
352,../lnc/raw/NR_024412/Hela/oddsTmrEvensA594/NR_024412_Hela_oddsTmrEvensA594_321/,3,../lnc/seg/NR_024412_Hela_oddsTmrEvensA594_321_cell.npy,../lnc/spot_detect_matlab/NR_024412_Hela_oddsTmrEvensA594_321,TRUE,FALSE,0
353,../lnc/raw/NR_024412/Hela/oddsTmrEvensA594/NR_024412_Hela_oddsTmrEvensA594_320/,1,../lnc/seg/NR_024412_Hela_oddsTmrEvensA594_320_cell.npy,../lnc/spot_detect_matlab/NR_024412_Hela_oddsTmrEvensA594_320,TRUE,FALSE,0
354,../lnc/raw/NR_024412/Hela/fullProbeA594/NR_024412_Hela_fullProbeA594_324/,3,../lnc/seg/NR_024412_Hela_fullProbeA594_324_cell.npy,../lnc/spot_detect_matlab/NR_024412_Hela_fullProbeA594_324,FALSE,FALSE,0
355,../lnc/raw/NR_024412/Hela/fullProbeA594/NR_024412_Hela_fullProbeA594_323/,1,../lnc/seg/NR_024412_Hela_fullProbeA594_323_cell.npy,../lnc/spot_detect_matlab/NR_024412_Hela_fullProbeA594_323,FALSE,FALSE,0
356,../lnc/raw/NR_024412/Hela/fullProbeA594/NR_024412_Hela_fullProbeA594_322/,2,../lnc/seg/NR_024412_Hela_fullProbeA594_322_cell.npy,../lnc/spot_detect_matlab/NR_024412_Hela_fullProbeA594_322,FALSE,FALSE,0
357,../lnc/raw/NR_024412/Imr90/oddsTmrEvensA594/NR_024412_Imr90_oddsTmrEvensA594_310/,5,../lnc/seg/NR_024412_Imr90_oddsTmrEvensA594_310_cell.npy,../lnc/spot_detect_matlab/NR_024412_Imr90_oddsTmrEvensA594_310,TRUE,TRUE,0
358,../lnc/raw/NR_024412/Imr90/oddsTmrEvensA594/NR_024412_Imr90_oddsTmrEvensA594_309/,6,../lnc/seg/NR_024412_Imr90_oddsTmrEvensA594_309_cell.npy,../lnc/spot_detect_matlab/NR_024412_Imr90_oddsTmrEvensA594_309,TRUE,TRUE,0
359,../lnc/raw/NR_024412/Imr90/oddsTmrEvensA594/NR_024412_Imr90_oddsTmrEvensA594_308/,4,../lnc/seg/NR_024412_Imr90_oddsTmrEvensA594_308_cell.npy,../lnc/spot_detect_matlab/NR_024412_Imr90_oddsTmrEvensA594_308,TRUE,TRUE,0
360,../lnc/raw/NR_024412/Imr90/fullProbeA594/NR_024412_Imr90_fullProbeA594_312/,1,../lnc/seg/NR_024412_Imr90_fullProbeA594_312_cell.npy,../lnc/spot_detect_matlab/NR_024412_Imr90_fullProbeA594_312,FALSE,TRUE,0
361,../lnc/raw/NR_024412/Imr90/fullProbeA594/NR_024412_Imr90_fullProbeA594_311/,2,../lnc/seg/NR_024412_Imr90_fullProbeA594_311_cell.npy,../lnc/spot_detect_matlab/NR_024412_Imr90_fullProbeA594_311,FALSE,TRUE,0
362,../lnc/raw/XLOC_006922/IMR90/date/XLOC_006922_IMR90_date_280/,5,../lnc/seg/XLOC_006922_IMR90_date_280_cell.npy,../lnc/spot_detect_matlab/XLOC_006922_IMR90_date_280,TRUE,TRUE,0
363,../lnc/raw/XLOC_006922/IMR90/date/XLOC_006922_IMR90_date_279/,1,../lnc/seg/XLOC_006922_IMR90_date_279_cell.npy,../lnc/spot_detect_matlab/XLOC_006922_IMR90_date_279,TRUE,TRUE,0
364,../lnc/raw/XLOC_006922/IMR90/date/XLOC_006922_IMR90_date_278/,2,../lnc/seg/XLOC_006922_IMR90_date_278_cell.npy,../lnc/spot_detect_matlab/XLOC_006922_IMR90_date_278,TRUE,TRUE,0
365,../lnc/raw/XLOC_006922/IMR90/date/XLOC_006922_IMR90_date_277/,4,../lnc/seg/XLOC_006922_IMR90_date_277_cell.npy,../lnc/spot_detect_matlab/XLOC_006922_IMR90_date_277,TRUE,TRUE,0
366,../lnc/raw/XLOC_006922/IMR90/date/XLOC_006922_IMR90_date_281/,3,../lnc/seg/XLOC_006922_IMR90_date_281_cell.npy,../lnc/spot_detect_matlab/XLOC_006922_IMR90_date_281,TRUE,TRUE,0
367,../lnc/raw/NR_038322/CRL2097/oddsTmrEvensA594/NR_038322_CRL2097_oddsTmrEvensA594_220/,1,../lnc/seg/NR_038322_CRL2097_oddsTmrEvensA594_220_cell.npy,../lnc/spot_detect_matlab/NR_038322_CRL2097_oddsTmrEvensA594_220,TRUE,TRUE,0
368,../lnc/raw/NR_038322/CRL2097/oddsTmrEvensA594/NR_038322_CRL2097_oddsTmrEvensA594_219/,2,../lnc/seg/NR_038322_CRL2097_oddsTmrEvensA594_219_cell.npy,../lnc/spot_detect_matlab/NR_038322_CRL2097_oddsTmrEvensA594_219,TRUE,TRUE,0
369,../lnc/raw/NR_038322/CRL2097/fullProbeA594/NR_038322_CRL2097_fullProbeA594_222/,1,../lnc/seg/NR_038322_CRL2097_fullProbeA594_222_cell.npy,../lnc/spot_detect_matlab/NR_038322_CRL2097_fullProbeA594_222,FALSE,TRUE,0
370,../lnc/raw/NR_038322/CRL2097/fullProbeA594/NR_038322_CRL2097_fullProbeA594_221/,2,../lnc/seg/NR_038322_CRL2097_fullProbeA594_221_cell.npy,../lnc/spot_detect_matlab/NR_038322_CRL2097_fullProbeA594_221,FALSE,TRUE,0
371,../lnc/raw/NR_038322/Hela/oddsTmrEvensA594/NR_038322_Hela_oddsTmrEvensA594_225/,3,../lnc/seg/NR_038322_Hela_oddsTmrEvensA594_225_cell.npy,../lnc/spot_detect_matlab/NR_038322_Hela_oddsTmrEvensA594_225,TRUE,TRUE,0
372,../lnc/raw/NR_038322/Hela/oddsTmrEvensA594/NR_038322_Hela_oddsTmrEvensA594_224/,1,../lnc/seg/NR_038322_Hela_oddsTmrEvensA594_224_cell.npy,../lnc/spot_detect_matlab/NR_038322_Hela_oddsTmrEvensA594_224,TRUE,TRUE,0
373,../lnc/raw/NR_038322/Hela/oddsTmrEvensA594/NR_038322_Hela_oddsTmrEvensA594_223/,2,../lnc/seg/NR_038322_Hela_oddsTmrEvensA594_223_cell.npy,../lnc/spot_detect_matlab/NR_038322_Hela_oddsTmrEvensA594_223,TRUE,TRUE,0
374,../lnc/raw/NR_038322/Hela/fullProbeA594/NR_038322_Hela_fullProbeA594_226/,2,../lnc/seg/NR_038322_Hela_fullProbeA594_226_cell.npy,../lnc/spot_detect_matlab/NR_038322_Hela_fullProbeA594_226,FALSE,TRUE,0
375,../lnc/raw/NR_038322/Hela/fullProbeA594/NR_038322_Hela_fullProbeA594_228/,3,../lnc/seg/NR_038322_Hela_fullProbeA594_228_cell.npy,../lnc/spot_detect_matlab/NR_038322_Hela_fullProbeA594_228,FALSE,TRUE,0
376,../lnc/raw/NR_038322/Hela/fullProbeA594/NR_038322_Hela_fullProbeA594_227/,1,../lnc/seg/NR_038322_Hela_fullProbeA594_227_cell.npy,../lnc/spot_detect_matlab/NR_038322_Hela_fullProbeA594_227,FALSE,TRUE,0
377,../lnc/raw/NR_038322/Imr90/oddsTmrEvensA594/NR_038322_Imr90_oddsTmrEvensA594_213/,4,../lnc/seg/NR_038322_Imr90_oddsTmrEvensA594_213_cell.npy,../lnc/spot_detect_matlab/NR_038322_Imr90_oddsTmrEvensA594_213,TRUE,TRUE,0
378,../lnc/raw/NR_038322/Imr90/oddsTmrEvensA594/NR_038322_Imr90_oddsTmrEvensA594_215/,5,../lnc/seg/NR_038322_Imr90_oddsTmrEvensA594_215_cell.npy,../lnc/spot_detect_matlab/NR_038322_Imr90_oddsTmrEvensA594_215,TRUE,TRUE,0
379,../lnc/raw/NR_038322/Imr90/oddsTmrEvensA594/NR_038322_Imr90_oddsTmrEvensA594_214/,6,../lnc/seg/NR_038322_Imr90_oddsTmrEvensA594_214_cell.npy,../lnc/spot_detect_matlab/NR_038322_Imr90_oddsTmrEvensA594_214,TRUE,TRUE,0
380,../lnc/raw/NR_038322/Imr90/fullProbeA594/NR_038322_Imr90_fullProbeA594_218/,3,../lnc/seg/NR_038322_Imr90_fullProbeA594_218_cell.npy,../lnc/spot_detect_matlab/NR_038322_Imr90_fullProbeA594_218,FALSE,TRUE,0
381,../lnc/raw/NR_038322/Imr90/fullProbeA594/NR_038322_Imr90_fullProbeA594_216/,2,../lnc/seg/NR_038322_Imr90_fullProbeA594_216_cell.npy,../lnc/spot_detect_matlab/NR_038322_Imr90_fullProbeA594_216,FALSE,TRUE,0
382,../lnc/raw/NR_038322/Imr90/fullProbeA594/NR_038322_Imr90_fullProbeA594_217/,1,../lnc/seg/NR_038322_Imr90_fullProbeA594_217_cell.npy,../lnc/spot_detect_matlab/NR_038322_Imr90_fullProbeA594_217,FALSE,TRUE,0
383,../lnc/raw/lincTUG1_new/CRL2097/2013_11_14f/lincTUG1_new_CRL2097_2013_11_14f_272/,5,../lnc/seg/lincTUG1_new_CRL2097_2013_11_14f_272_cell.npy,../lnc/spot_detect_matlab/lincTUG1_new_CRL2097_2013_11_14f_272,TRUE,FALSE,0
384,../lnc/raw/lincTUG1_new/CRL2097/2013_11_14f/lincTUG1_new_CRL2097_2013_11_14f_269/,4,../lnc/seg/lincTUG1_new_CRL2097_2013_11_14f_269_cell.npy,../lnc/spot_detect_matlab/lincTUG1_new_CRL2097_2013_11_14f_269,TRUE,FALSE,0
385,../lnc/raw/lincTUG1_new/CRL2097/2013_11_14f/lincTUG1_new_CRL2097_2013_11_14f_273/,3,../lnc/seg/lincTUG1_new_CRL2097_2013_11_14f_273_cell.npy,../lnc/spot_detect_matlab/lincTUG1_new_CRL2097_2013_11_14f_273,TRUE,FALSE,0
386,../lnc/raw/lincTUG1_new/CRL2097/2013_11_14f/lincTUG1_new_CRL2097_2013_11_14f_271/,1,../lnc/seg/lincTUG1_new_CRL2097_2013_11_14f_271_cell.npy,../lnc/spot_detect_matlab/lincTUG1_new_CRL2097_2013_11_14f_271,TRUE,FALSE,0
387,../lnc/raw/lincTUG1_new/CRL2097/2013_11_14f/lincTUG1_new_CRL2097_2013_11_14f_270/,2,../lnc/seg/lincTUG1_new_CRL2097_2013_11_14f_270_cell.npy,../lnc/spot_detect_matlab/lincTUG1_new_CRL2097_2013_11_14f_270,TRUE,FALSE,0
388,../lnc/raw/lincTUG1_new/Hela/2013_11_23f/lincTUG1_new_Hela_2013_11_23f_275/,1,../lnc/seg/lincTUG1_new_Hela_2013_11_23f_275_cell.npy,../lnc/spot_detect_matlab/lincTUG1_new_Hela_2013_11_23f_275,TRUE,TRUE,0
389,../lnc/raw/lincTUG1_new/Hela/2013_11_23f/lincTUG1_new_Hela_2013_11_23f_274/,2,../lnc/seg/lincTUG1_new_Hela_2013_11_23f_274_cell.npy,../lnc/spot_detect_matlab/lincTUG1_new_Hela_2013_11_23f_274,TRUE,TRUE,0
390,../lnc/raw/lincTUG1_new/Hela/2013_11_23f/lincTUG1_new_Hela_2013_11_23f_276/,3,../lnc/seg/lincTUG1_new_Hela_2013_11_23f_276_cell.npy,../lnc/spot_detect_matlab/lincTUG1_new_Hela_2013_11_23f_276,TRUE,TRUE,0
391,../lnc/raw/lincTUG1_new/Imr90/2013_11_14f/lincTUG1_new_Imr90_2013_11_14f_266/,1,../lnc/seg/lincTUG1_new_Imr90_2013_11_14f_266_cell.npy,../lnc/spot_detect_matlab/lincTUG1_new_Imr90_2013_11_14f_266,TRUE,FALSE,0
392,../lnc/raw/lincTUG1_new/Imr90/2013_11_14f/lincTUG1_new_Imr90_2013_11_14f_267/,5,../lnc/seg/lincTUG1_new_Imr90_2013_11_14f_267_cell.npy,../lnc/spot_detect_matlab/lincTUG1_new_Imr90_2013_11_14f_267,TRUE,FALSE,0
393,../lnc/raw/lincTUG1_new/Imr90/2013_11_14f/lincTUG1_new_Imr90_2013_11_14f_268/,3,../lnc/seg/lincTUG1_new_Imr90_2013_11_14f_268_cell.npy,../lnc/spot_detect_matlab/lincTUG1_new_Imr90_2013_11_14f_268,TRUE,FALSE,0
394,../lnc/raw/lincTUG1_new/Imr90/2013_11_14f/lincTUG1_new_Imr90_2013_11_14f_265/,2,../lnc/seg/lincTUG1_new_Imr90_2013_11_14f_265_cell.npy,../lnc/spot_detect_matlab/lincTUG1_new_Imr90_2013_11_14f_265,TRUE,FALSE,0
395,../lnc/raw/lincTUG1_new/Imr90/2013_11_14f/lincTUG1_new_Imr90_2013_11_14f_264/,4,../lnc/seg/lincTUG1_new_Imr90_2013_11_14f_264_cell.npy,../lnc/spot_detect_matlab/lincTUG1_new_Imr90_2013_11_14f_264,TRUE,FALSE,0
396,../lnc/raw/lincGARSnew/CRL2097/2013-03-04f/lincGARSnew_CRL2097_2013-03-04f_303/,5,../lnc/seg/lincGARSnew_CRL2097_2013-03-04f_303_cell.npy,../lnc/spot_detect_matlab/lincGARSnew_CRL2097_2013-03-04f_303,FALSE,TRUE,0
397,../lnc/raw/lincGARSnew/CRL2097/2013-03-04f/lincGARSnew_CRL2097_2013-03-04f_302/,6,../lnc/seg/lincGARSnew_CRL2097_2013-03-04f_302_cell.npy,../lnc/spot_detect_matlab/lincGARSnew_CRL2097_2013-03-04f_302,FALSE,TRUE,0
398,../lnc/raw/lincGARSnew/CRL2097/2013-03-04f/lincGARSnew_CRL2097_2013-03-04f_301/,4,../lnc/seg/lincGARSnew_CRL2097_2013-03-04f_301_cell.npy,../lnc/spot_detect_matlab/lincGARSnew_CRL2097_2013-03-04f_301,FALSE,TRUE,0
399,../lnc/raw/lincGARSnew/CRL2097/2013-03-04o/lincGARSnew_CRL2097_2013-03-04o_300/,3,../lnc/seg/lincGARSnew_CRL2097_2013-03-04o_300_cell.npy,../lnc/spot_detect_matlab/lincGARSnew_CRL2097_2013-03-04o_300,TRUE,FALSE,0
400,../lnc/raw/lincGARSnew/CRL2097/2013-03-04o/lincGARSnew_CRL2097_2013-03-04o_299/,1,../lnc/seg/lincGARSnew_CRL2097_2013-03-04o_299_cell.npy,../lnc/spot_detect_matlab/lincGARSnew_CRL2097_2013-03-04o_299,TRUE,FALSE,0
401,../lnc/raw/lincGARSnew/CRL2097/2013-03-04o/lincGARSnew_CRL2097_2013-03-04o_298/,2,../lnc/seg/lincGARSnew_CRL2097_2013-03-04o_298_cell.npy,../lnc/spot_detect_matlab/lincGARSnew_CRL2097_2013-03-04o_298,TRUE,FALSE,0
402,../lnc/raw/lincGARSnew/Hela/2013-03-04f/lincGARSnew_Hela_2013-03-04f_307/,1,../lnc/seg/lincGARSnew_Hela_2013-03-04f_307_cell.npy,../lnc/spot_detect_matlab/lincGARSnew_Hela_2013-03-04f_307,FALSE,TRUE,0
403,../lnc/raw/lincGARSnew/Hela/2013-03-04f/lincGARSnew_Hela_2013-03-04f_306/,2,../lnc/seg/lincGARSnew_Hela_2013-03-04f_306_cell.npy,../lnc/spot_detect_matlab/lincGARSnew_Hela_2013-03-04f_306,FALSE,TRUE,0
404,../lnc/raw/lincGARSnew/Hela/2013-03-04o/lincGARSnew_Hela_2013-03-04o_304/,2,../lnc/seg/lincGARSnew_Hela_2013-03-04o_304_cell.npy,../lnc/spot_detect_matlab/lincGARSnew_Hela_2013-03-04o_304,TRUE,FALSE,0
405,../lnc/raw/lincGARSnew/Hela/2013-03-04o/lincGARSnew_Hela_2013-03-04o_305/,1,../lnc/seg/lincGARSnew_Hela_2013-03-04o_305_cell.npy,../lnc/spot_detect_matlab/lincGARSnew_Hela_2013-03-04o_305,TRUE,FALSE,0
406,../lnc/raw/lincGARSnew/Imr90/2013-03-04f/lincGARSnew_Imr90_2013-03-04f_297/,3,../lnc/seg/lincGARSnew_Imr90_2013-03-04f_297_cell.npy,../lnc/spot_detect_matlab/lincGARSnew_Imr90_2013-03-04f_297,FALSE,TRUE,0
407,../lnc/raw/lincGARSnew/Imr90/2013-03-04f/lincGARSnew_Imr90_2013-03-04f_296/,1,../lnc/seg/lincGARSnew_Imr90_2013-03-04f_296_cell.npy,../lnc/spot_detect_matlab/lincGARSnew_Imr90_2013-03-04f_296,FALSE,TRUE,0
408,../lnc/raw/lincGARSnew/Imr90/2013-03-04f/lincGARSnew_Imr90_2013-03-04f_295/,2,../lnc/seg/lincGARSnew_Imr90_2013-03-04f_295_cell.npy,../lnc/spot_detect_matlab/lincGARSnew_Imr90_2013-03-04f_295,FALSE,TRUE,0
409,../lnc/raw/lincGARSnew/Imr90/2013-03-04o/lincGARSnew_Imr90_2013-03-04o_292/,2,../lnc/seg/lincGARSnew_Imr90_2013-03-04o_292_cell.npy,../lnc/spot_detect_matlab/lincGARSnew_Imr90_2013-03-04o_292,TRUE,FALSE,0
410,../lnc/raw/lincGARSnew/Imr90/2013-03-04o/lincGARSnew_Imr90_2013-03-04o_293/,1,../lnc/seg/lincGARSnew_Imr90_2013-03-04o_293_cell.npy,../lnc/spot_detect_matlab/lincGARSnew_Imr90_2013-03-04o_293,TRUE,FALSE,0
411,../lnc/raw/lincGARSnew/Imr90/2013-03-04o/lincGARSnew_Imr90_2013-03-04o_294/,3,../lnc/seg/lincGARSnew_Imr90_2013-03-04o_294_cell.npy,../lnc/spot_detect_matlab/lincGARSnew_Imr90_2013-03-04o_294,TRUE,FALSE,0
412,../lnc/raw/Meg3oddsTmrEvensA594/CRL2097/date/Meg3oddsTmrEvensA594_CRL2097_date_287/,4,../lnc/seg/Meg3oddsTmrEvensA594_CRL2097_date_287_cell.npy,../lnc/spot_detect_matlab/Meg3oddsTmrEvensA594_CRL2097_date_287,TRUE,FALSE,0
413,../lnc/raw/Meg3oddsTmrEvensA594/CRL2097/date/Meg3oddsTmrEvensA594_CRL2097_date_289/,1,../lnc/seg/Meg3oddsTmrEvensA594_CRL2097_date_289_cell.npy,../lnc/spot_detect_matlab/Meg3oddsTmrEvensA594_CRL2097_date_289,TRUE,FALSE,0
414,../lnc/raw/Meg3oddsTmrEvensA594/CRL2097/date/Meg3oddsTmrEvensA594_CRL2097_date_290/,5,../lnc/seg/Meg3oddsTmrEvensA594_CRL2097_date_290_cell.npy,../lnc/spot_detect_matlab/Meg3oddsTmrEvensA594_CRL2097_date_290,TRUE,FALSE,0
415,../lnc/raw/Meg3oddsTmrEvensA594/CRL2097/date/Meg3oddsTmrEvensA594_CRL2097_date_291/,3,../lnc/seg/Meg3oddsTmrEvensA594_CRL2097_date_291_cell.npy,../lnc/spot_detect_matlab/Meg3oddsTmrEvensA594_CRL2097_date_291,TRUE,FALSE,0
416,../lnc/raw/Meg3oddsTmrEvensA594/CRL2097/date/Meg3oddsTmrEvensA594_CRL2097_date_288/,2,../lnc/seg/Meg3oddsTmrEvensA594_CRL2097_date_288_cell.npy,../lnc/spot_detect_matlab/Meg3oddsTmrEvensA594_CRL2097_date_288,TRUE,FALSE,0
417,../lnc/raw/Meg3oddsTmrEvensA594/IMR90/date/Meg3oddsTmrEvensA594_IMR90_date_285/,5,../lnc/seg/Meg3oddsTmrEvensA594_IMR90_date_285_cell.npy,../lnc/spot_detect_matlab/Meg3oddsTmrEvensA594_IMR90_date_285,TRUE,FALSE,0
418,../lnc/raw/Meg3oddsTmrEvensA594/IMR90/date/Meg3oddsTmrEvensA594_IMR90_date_282/,4,../lnc/seg/Meg3oddsTmrEvensA594_IMR90_date_282_cell.npy,../lnc/spot_detect_matlab/Meg3oddsTmrEvensA594_IMR90_date_282,TRUE,FALSE,0
419,../lnc/raw/Meg3oddsTmrEvensA594/IMR90/date/Meg3oddsTmrEvensA594_IMR90_date_286/,3,../lnc/seg/Meg3oddsTmrEvensA594_IMR90_date_286_cell.npy,../lnc/spot_detect_matlab/Meg3oddsTmrEvensA594_IMR90_date_286,TRUE,FALSE,0
420,../lnc/raw/Meg3oddsTmrEvensA594/IMR90/date/Meg3oddsTmrEvensA594_IMR90_date_284/,1,../lnc/seg/Meg3oddsTmrEvensA594_IMR90_date_284_cell.npy,../lnc/spot_detect_matlab/Meg3oddsTmrEvensA594_IMR90_date_284,TRUE,FALSE,0
421,../lnc/raw/Meg3oddsTmrEvensA594/IMR90/date/Meg3oddsTmrEvensA594_IMR90_date_283/,2,../lnc/seg/Meg3oddsTmrEvensA594_IMR90_date_283_cell.npy,../lnc/spot_detect_matlab/Meg3oddsTmrEvensA594_IMR90_date_283,TRUE,FALSE,0
422,../lnc/raw/Kcnq1ot1/CRL2097/2013-01-04f/Kcnq1ot1_CRL2097_2013-01-04f_259/,3,../lnc/seg/Kcnq1ot1_CRL2097_2013-01-04f_259_cell.npy,../lnc/spot_detect_matlab/Kcnq1ot1_CRL2097_2013-01-04f_259,FALSE,TRUE,0
423,../lnc/raw/Kcnq1ot1/CRL2097/2013-01-04f/Kcnq1ot1_CRL2097_2013-01-04f_258/,1,../lnc/seg/Kcnq1ot1_CRL2097_2013-01-04f_258_cell.npy,../lnc/spot_detect_matlab/Kcnq1ot1_CRL2097_2013-01-04f_258,FALSE,TRUE,0
424,../lnc/raw/Kcnq1ot1/CRL2097/2013-01-04f/Kcnq1ot1_CRL2097_2013-01-04f_257/,2,../lnc/seg/Kcnq1ot1_CRL2097_2013-01-04f_257_cell.npy,../lnc/spot_detect_matlab/Kcnq1ot1_CRL2097_2013-01-04f_257,FALSE,TRUE,0
425,../lnc/raw/Kcnq1ot1/CRL2097/2013_01-05o/Kcnq1ot1_CRL2097_2013_01-05o_255/,1,../lnc/seg/Kcnq1ot1_CRL2097_2013_01-05o_255_cell.npy,../lnc/spot_detect_matlab/Kcnq1ot1_CRL2097_2013_01-05o_255,TRUE,TRUE,0
426,../lnc/raw/Kcnq1ot1/CRL2097/2013_01-05o/Kcnq1ot1_CRL2097_2013_01-05o_256/,3,../lnc/seg/Kcnq1ot1_CRL2097_2013_01-05o_256_cell.npy,../lnc/spot_detect_matlab/Kcnq1ot1_CRL2097_2013_01-05o_256,TRUE,TRUE,0
427,../lnc/raw/Kcnq1ot1/CRL2097/2013_01-05o/Kcnq1ot1_CRL2097_2013_01-05o_254/,2,../lnc/seg/Kcnq1ot1_CRL2097_2013_01-05o_254_cell.npy,../lnc/spot_detect_matlab/Kcnq1ot1_CRL2097_2013_01-05o_254,TRUE,TRUE,0
428,../lnc/raw/Kcnq1ot1/Hela/2013-01-04f/Kcnq1ot1_Hela_2013-01-04f_262/,2,../lnc/seg/Kcnq1ot1_Hela_2013-01-04f_262_cell.npy,../lnc/spot_detect_matlab/Kcnq1ot1_Hela_2013-01-04f_262,FALSE,TRUE,0
429,../lnc/raw/Kcnq1ot1/Hela/2013-01-04f/Kcnq1ot1_Hela_2013-01-04f_263/,1,../lnc/seg/Kcnq1ot1_Hela_2013-01-04f_263_cell.npy,../lnc/spot_detect_matlab/Kcnq1ot1_Hela_2013-01-04f_263,FALSE,TRUE,0
430,../lnc/raw/Kcnq1ot1/Hela/2013_01-05o/Kcnq1ot1_Hela_2013_01-05o_260/,2,../lnc/seg/Kcnq1ot1_Hela_2013_01-05o_260_cell.npy,../lnc/spot_detect_matlab/Kcnq1ot1_Hela_2013_01-05o_260,TRUE,TRUE,0
431,../lnc/raw/Kcnq1ot1/Hela/2013_01-05o/Kcnq1ot1_Hela_2013_01-05o_261/,1,../lnc/seg/Kcnq1ot1_Hela_2013_01-05o_261_cell.npy,../lnc/spot_detect_matlab/Kcnq1ot1_Hela_2013_01-05o_261,TRUE,TRUE,0
432,../lnc/raw/Kcnq1ot1/Imr90/2013-01-04f/Kcnq1ot1_Imr90_2013-01-04f_253/,3,../lnc/seg/Kcnq1ot1_Imr90_2013-01-04f_253_cell.npy,../lnc/spot_detect_matlab/Kcnq1ot1_Imr90_2013-01-04f_253,FALSE,TRUE,0
433,../lnc/raw/Kcnq1ot1/Imr90/2013-01-04f/Kcnq1ot1_Imr90_2013-01-04f_251/,2,../lnc/seg/Kcnq1ot1_Imr90_2013-01-04f_251_cell.npy,../lnc/spot_detect_matlab/Kcnq1ot1_Imr90_2013-01-04f_251,FALSE,TRUE,0
434,../lnc/raw/Kcnq1ot1/Imr90/2013-01-04f/Kcnq1ot1_Imr90_2013-01-04f_252/,1,../lnc/seg/Kcnq1ot1_Imr90_2013-01-04f_252_cell.npy,../lnc/spot_detect_matlab/Kcnq1ot1_Imr90_2013-01-04f_252,FALSE,TRUE,0
435,../lnc/raw/Kcnq1ot1/Imr90/2013_01-05o/Kcnq1ot1_Imr90_2013_01-05o_248/,2,../lnc/seg/Kcnq1ot1_Imr90_2013_01-05o_248_cell.npy,../lnc/spot_detect_matlab/Kcnq1ot1_Imr90_2013_01-05o_248,TRUE,TRUE,0
436,../lnc/raw/Kcnq1ot1/Imr90/2013_01-05o/Kcnq1ot1_Imr90_2013_01-05o_250/,3,../lnc/seg/Kcnq1ot1_Imr90_2013_01-05o_250_cell.npy,../lnc/spot_detect_matlab/Kcnq1ot1_Imr90_2013_01-05o_250,TRUE,TRUE,0
437,../lnc/raw/Kcnq1ot1/Imr90/2013_01-05o/Kcnq1ot1_Imr90_2013_01-05o_249/,1,../lnc/seg/Kcnq1ot1_Imr90_2013_01-05o_249_cell.npy,../lnc/spot_detect_matlab/Kcnq1ot1_Imr90_2013_01-05o_249,TRUE,TRUE,0
438,../lnc/raw/Kcnq1ot1/Imr90/2013_01_06o/Kcnq1ot1_Imr90_2013_01_06o_247/,3,../lnc/seg/Kcnq1ot1_Imr90_2013_01_06o_247_cell.npy,../lnc/spot_detect_matlab/Kcnq1ot1_Imr90_2013_01_06o_247,TRUE,TRUE,0
439,../lnc/raw/Kcnq1ot1/Imr90/2013_01_06o/Kcnq1ot1_Imr90_2013_01_06o_245/,2,../lnc/seg/Kcnq1ot1_Imr90_2013_01_06o_245_cell.npy,../lnc/spot_detect_matlab/Kcnq1ot1_Imr90_2013_01_06o_245,TRUE,TRUE,0
440,../lnc/raw/Kcnq1ot1/Imr90/2013_01_06o/Kcnq1ot1_Imr90_2013_01_06o_246/,1,../lnc/seg/Kcnq1ot1_Imr90_2013_01_06o_246_cell.npy,../lnc/spot_detect_matlab/Kcnq1ot1_Imr90_2013_01_06o_246,TRUE,TRUE,0
441,../lnc/raw/Anril/CRL2097/oddsTmrEvensA594/Anril_CRL2097_oddsTmrEvensA594_24/,5,../lnc/seg/Anril_CRL2097_oddsTmrEvensA594_24_cell.npy,../lnc/spot_detect_matlab/Anril_CRL2097_oddsTmrEvensA594_24,TRUE,TRUE,0
442,../lnc/raw/Anril/CRL2097/oddsTmrEvensA594/Anril_CRL2097_oddsTmrEvensA594_23/,6,../lnc/seg/Anril_CRL2097_oddsTmrEvensA594_23_cell.npy,../lnc/spot_detect_matlab/Anril_CRL2097_oddsTmrEvensA594_23,TRUE,TRUE,0
443,../lnc/raw/Anril/CRL2097/oddsTmrEvensA594/Anril_CRL2097_oddsTmrEvensA594_22/,4,../lnc/seg/Anril_CRL2097_oddsTmrEvensA594_22_cell.npy,../lnc/spot_detect_matlab/Anril_CRL2097_oddsTmrEvensA594_22,TRUE,TRUE,0
444,../lnc/raw/Anril/CRL2097/fullProbeA594/Anril_CRL2097_fullProbeA594_27/,3,../lnc/seg/Anril_CRL2097_fullProbeA594_27_cell.npy,../lnc/spot_detect_matlab/Anril_CRL2097_fullProbeA594_27,FALSE,TRUE,0
445,../lnc/raw/Anril/CRL2097/fullProbeA594/Anril_CRL2097_fullProbeA594_25/,2,../lnc/seg/Anril_CRL2097_fullProbeA594_25_cell.npy,../lnc/spot_detect_matlab/Anril_CRL2097_fullProbeA594_25,FALSE,TRUE,0
446,../lnc/raw/Anril/CRL2097/fullProbeA594/Anril_CRL2097_fullProbeA594_26/,1,../lnc/seg/Anril_CRL2097_fullProbeA594_26_cell.npy,../lnc/spot_detect_matlab/Anril_CRL2097_fullProbeA594_26,FALSE,TRUE,0
447,../lnc/raw/Anril/Hela/oddsTmrEvensA594/Anril_Hela_oddsTmrEvensA594_29/,3,../lnc/seg/Anril_Hela_oddsTmrEvensA594_29_cell.npy,../lnc/spot_detect_matlab/Anril_Hela_oddsTmrEvensA594_29,TRUE,TRUE,0
448,../lnc/raw/Anril/Hela/oddsTmrEvensA594/Anril_Hela_oddsTmrEvensA594_28/,4,../lnc/seg/Anril_Hela_oddsTmrEvensA594_28_cell.npy,../lnc/spot_detect_matlab/Anril_Hela_oddsTmrEvensA594_28,TRUE,TRUE,0
449,../lnc/raw/Anril/Hela/fullProbeA594/Anril_Hela_fullProbeA594_30/,2,../lnc/seg/Anril_Hela_fullProbeA594_30_cell.npy,../lnc/spot_detect_matlab/Anril_Hela_fullProbeA594_30,FALSE,TRUE,0
450,../lnc/raw/Anril/Hela/fullProbeA594/Anril_Hela_fullProbeA594_31/,1,../lnc/seg/Anril_Hela_fullProbeA594_31_cell.npy,../lnc/spot_detect_matlab/Anril_Hela_fullProbeA594_31,FALSE,TRUE,0
451,../lnc/raw/Anril/Hela/Mitotic/Anril_Hela_Mitotic_33/,1,../lnc/seg/Anril_Hela_Mitotic_33_cell.npy,../lnc/spot_detect_matlab/Anril_Hela_Mitotic_33,TRUE,TRUE,0
452,../lnc/raw/Anril/Hela/Mitotic/Anril_Hela_Mitotic_32/,2,../lnc/seg/Anril_Hela_Mitotic_32_cell.npy,../lnc/spot_detect_matlab/Anril_Hela_Mitotic_32,TRUE,TRUE,0
453,../lnc/raw/Anril/Imr90/oddsTmrEvensA594/Anril_Imr90_oddsTmrEvensA594_17/,6,../lnc/seg/Anril_Imr90_oddsTmrEvensA594_17_cell.npy,../lnc/spot_detect_matlab/Anril_Imr90_oddsTmrEvensA594_17,TRUE,TRUE,0
454,../lnc/raw/Anril/Imr90/oddsTmrEvensA594/Anril_Imr90_oddsTmrEvensA594_16/,4,../lnc/seg/Anril_Imr90_oddsTmrEvensA594_16_cell.npy,../lnc/spot_detect_matlab/Anril_Imr90_oddsTmrEvensA594_16,TRUE,TRUE,0
455,../lnc/raw/Anril/Imr90/oddsTmrEvensA594/Anril_Imr90_oddsTmrEvensA594_18/,5,../lnc/seg/Anril_Imr90_oddsTmrEvensA594_18_cell.npy,../lnc/spot_detect_matlab/Anril_Imr90_oddsTmrEvensA594_18,TRUE,TRUE,0
456,../lnc/raw/Anril/Imr90/fullProbeA594/Anril_Imr90_fullProbeA594_21/,3,../lnc/seg/Anril_Imr90_fullProbeA594_21_cell.npy,../lnc/spot_detect_matlab/Anril_Imr90_fullProbeA594_21,FALSE,TRUE,0
457,../lnc/raw/Anril/Imr90/fullProbeA594/Anril_Imr90_fullProbeA594_19/,2,../lnc/seg/Anril_Imr90_fullProbeA594_19_cell.npy,../lnc/spot_detect_matlab/Anril_Imr90_fullProbeA594_19,FALSE,TRUE,0
458,../lnc/raw/Anril/Imr90/fullProbeA594/Anril_Imr90_fullProbeA594_20/,1,../lnc/seg/Anril_Imr90_fullProbeA594_20_cell.npy,../lnc/spot_detect_matlab/Anril_Imr90_fullProbeA594_20,FALSE,TRUE,0